,Date,Day,counts,type,country
0,1/5/2015,289,2776.0,Cases,Guinea
1,1/4/2015,288,2775.0,Cases,Guinea
2,1/3/2015,287,2769.0,Cases,Guinea
3,1/2/2015,286,,Cases,Guinea
4,12/31/2014,284,2730.0,Cases,Guinea
5,12/28/2014,281,2706.0,Cases,Guinea
6,12/27/2014,280,2695.0,Cases,Guinea
7,12/24/2014,277,2630.0,Cases,Guinea
8,12/21/2014,273,2597.0,Cases,Guinea
9,12/20/2014,272,2571.0,Cases,Guinea
10,12/18/2014,271,,Cases,Guinea
11,12/14/2014,267,2416.0,Cases,Guinea
12,12/9/2014,262,,Cases,Guinea
13,12/7/2014,260,2292.0,Cases,Guinea
14,12/3/2014,256,,Cases,Guinea
15,11/30/2014,253,2164.0,Cases,Guinea
16,11/28/2014,251,,Cases,Guinea
17,11/23/2014,246,2134.0,Cases,Guinea
18,11/22/2014,245,,Cases,Guinea
19,11/18/2014,241,2047.0,Cases,Guinea
20,11/16/2014,239,1971.0,Cases,Guinea
21,11/15/2014,238,,Cases,Guinea
22,11/11/2014,234,1919.0,Cases,Guinea
23,11/10/2014,233,,Cases,Guinea
24,11/9/2014,232,1878.0,Cases,Guinea
25,11/8/2014,231,,Cases,Guinea
26,11/4/2014,227,,Cases,Guinea
27,11/3/2014,226,1760.0,Cases,Guinea
28,11/2/2014,225,1731.0,Cases,Guinea
29,10/31/2014,222,,Cases,Guinea
30,10/29/2014,220,1667.0,Cases,Guinea
31,10/27/2014,218,1906.0,Cases,Guinea
32,10/25/2014,216,,Cases,Guinea
33,10/22/2014,214,,Cases,Guinea
34,10/21/2014,213,1553.0,Cases,Guinea
35,10/19/2014,211,1540.0,Cases,Guinea
36,10/18/2014,210,,Cases,Guinea
37,10/14/2014,206,1519.0,Cases,Guinea
38,10/13/2014,205,,Cases,Guinea
39,10/12/2014,204,1472.0,Cases,Guinea
40,10/11/2014,203,,Cases,Guinea
41,10/8/2014,200,,Cases,Guinea
42,10/7/2014,199,1350.0,Cases,Guinea
43,10/5/2014,197,1298.0,Cases,Guinea
44,10/4/2014,196,,Cases,Guinea
45,10/1/2014,193,1199.0,Cases,Guinea
46,9/28/2014,190,1157.0,Cases,Guinea
47,9/23/2014,185,1074.0,Cases,Guinea
48,9/21/2014,183,1022.0,Cases,Guinea
49,9/20/2014,182,,Cases,Guinea
50,9/19/2014,181,1008.0,Cases,Guinea
51,9/17/2014,179,,Cases,Guinea
52,9/14/2014,176,942.0,Cases,Guinea
53,9/13/2014,175,936.0,Cases,Guinea
54,9/10/2014,172,899.0,Cases,Guinea
55,9/9/2014,171,,Cases,Guinea
56,9/7/2014,169,861.0,Cases,Guinea
57,9/5/2014,167,812.0,Cases,Guinea
58,8/31/2014,162,771.0,Cases,Guinea
59,8/26/2014,157,648.0,Cases,Guinea
60,8/20/2014,151,607.0,Cases,Guinea
61,8/18/2014,149,579.0,Cases,Guinea
62,8/16/2014,147,543.0,Cases,Guinea
63,8/13/2014,144,519.0,Cases,Guinea
64,8/11/2014,142,510.0,Cases,Guinea
65,8/9/2014,140,506.0,Cases,Guinea
66,8/6/2014,137,495.0,Cases,Guinea
67,8/4/2014,135,495.0,Cases,Guinea
68,8/1/2014,132,485.0,Cases,Guinea
69,7/30/2014,129,472.0,Cases,Guinea
70,7/27/2014,126,460.0,Cases,Guinea
71,7/23/2014,123,427.0,Cases,Guinea
72,7/20/2014,120,415.0,Cases,Guinea
73,7/17/2014,117,410.0,Cases,Guinea
74,7/14/2014,114,411.0,Cases,Guinea
75,7/12/2014,112,406.0,Cases,Guinea
76,7/8/2014,108,409.0,Cases,Guinea
77,7/6/2014,106,408.0,Cases,Guinea
78,7/2/2014,102,412.0,Cases,Guinea
79,6/30/2014,100,413.0,Cases,Guinea
80,6/22/2014,92,,Cases,Guinea
81,6/20/2014,90,390.0,Cases,Guinea
82,6/19/2014,89,,Cases,Guinea
83,6/18/2014,88,390.0,Cases,Guinea
84,6/17/2014,87,,Cases,Guinea
85,6/16/2014,86,398.0,Cases,Guinea
86,6/10/2014,80,351.0,Cases,Guinea
87,6/5/2014,75,,Cases,Guinea
88,6/3/2014,73,344.0,Cases,Guinea
89,6/1/2014,71,328.0,Cases,Guinea
90,5/28/2014,67,291.0,Cases,Guinea
91,5/27/2014,66,281.0,Cases,Guinea
92,5/23/2014,62,258.0,Cases,Guinea
93,5/12/2014,51,248.0,Cases,Guinea
94,5/10/2014,49,233.0,Cases,Guinea
95,5/7/2014,46,236.0,Cases,Guinea
96,5/5/2014,44,235.0,Cases,Guinea
97,5/3/2014,42,231.0,Cases,Guinea
98,5/1/2014,40,226.0,Cases,Guinea
99,4/26/2014,35,224.0,Cases,Guinea
100,4/24/2014,33,,Cases,Guinea
101,4/23/2014,32,218.0,Cases,Guinea
102,4/22/2014,31,,Cases,Guinea
103,4/21/2014,30,,Cases,Guinea
104,4/20/2014,29,208.0,Cases,Guinea
105,4/17/2014,26,203.0,Cases,Guinea
106,4/16/2014,25,197.0,Cases,Guinea
107,4/15/2014,24,,Cases,Guinea
108,4/14/2014,23,168.0,Cases,Guinea
109,4/11/2014,20,159.0,Cases,Guinea
110,4/9/2014,18,158.0,Cases,Guinea
111,4/7/2014,16,151.0,Cases,Guinea
112,4/4/2014,13,143.0,Cases,Guinea
113,4/1/2014,10,127.0,Cases,Guinea
114,3/31/2014,9,122.0,Cases,Guinea
115,3/29/2014,7,112.0,Cases,Guinea
116,3/28/2014,6,112.0,Cases,Guinea
117,3/27/2014,5,103.0,Cases,Guinea
118,3/26/2014,4,86.0,Cases,Guinea
119,3/25/2014,3,86.0,Cases,Guinea
120,3/24/2014,2,86.0,Cases,Guinea
121,3/22/2014,0,49.0,Cases,Guinea
122,1/5/2015,289,,Cases,Liberia
123,1/4/2015,288,,Cases,Liberia
124,1/3/2015,287,8166.0,Cases,Liberia
125,1/2/2015,286,8157.0,Cases,Liberia
126,12/31/2014,284,8115.0,Cases,Liberia
127,12/28/2014,281,8018.0,Cases,Liberia
128,12/27/2014,280,,Cases,Liberia
129,12/24/2014,277,7977.0,Cases,Liberia
130,12/21/2014,273,,Cases,Liberia
131,12/20/2014,272,7862.0,Cases,Liberia
132,12/18/2014,271,7830.0,Cases,Liberia
133,12/14/2014,267,,Cases,Liberia
134,12/9/2014,262,7797.0,Cases,Liberia
135,12/7/2014,260,,Cases,Liberia
136,12/3/2014,256,7719.0,Cases,Liberia
137,11/30/2014,253,,Cases,Liberia
138,11/28/2014,251,7635.0,Cases,Liberia
139,11/23/2014,246,,Cases,Liberia
140,11/22/2014,245,7168.0,Cases,Liberia
141,11/18/2014,241,7082.0,Cases,Liberia
142,11/16/2014,239,,Cases,Liberia
143,11/15/2014,238,7069.0,Cases,Liberia
144,11/11/2014,234,,Cases,Liberia
145,11/10/2014,233,6878.0,Cases,Liberia
146,11/9/2014,232,,Cases,Liberia
147,11/8/2014,231,6822.0,Cases,Liberia
148,11/4/2014,227,6619.0,Cases,Liberia
149,11/3/2014,226,,Cases,Liberia
150,11/2/2014,225,,Cases,Liberia
151,10/31/2014,222,6525.0,Cases,Liberia
152,10/29/2014,220,,Cases,Liberia
153,10/27/2014,218,,Cases,Liberia
154,10/25/2014,216,6535.0,Cases,Liberia
155,10/22/2014,214,,Cases,Liberia
156,10/21/2014,213,,Cases,Liberia
157,10/19/2014,211,,Cases,Liberia
158,10/18/2014,210,4665.0,Cases,Liberia
159,10/14/2014,206,,Cases,Liberia
160,10/13/2014,205,4262.0,Cases,Liberia
161,10/12/2014,204,,Cases,Liberia
162,10/11/2014,203,4249.0,Cases,Liberia
163,10/8/2014,200,,Cases,Liberia
164,10/7/2014,199,4076.0,Cases,Liberia
165,10/5/2014,197,,Cases,Liberia
166,10/4/2014,196,3924.0,Cases,Liberia
167,10/1/2014,193,3834.0,Cases,Liberia
168,9/28/2014,190,3696.0,Cases,Liberia
169,9/23/2014,185,3458.0,Cases,Liberia
170,9/21/2014,183,3280.0,Cases,Liberia
171,9/20/2014,182,,Cases,Liberia
172,9/19/2014,181,,Cases,Liberia
173,9/17/2014,179,3022.0,Cases,Liberia
174,9/14/2014,176,2710.0,Cases,Liberia
175,9/13/2014,175,,Cases,Liberia
176,9/10/2014,172,,Cases,Liberia
177,9/9/2014,171,2407.0,Cases,Liberia
178,9/7/2014,169,2081.0,Cases,Liberia
179,9/5/2014,167,1871.0,Cases,Liberia
180,8/31/2014,162,1698.0,Cases,Liberia
181,8/26/2014,157,1378.0,Cases,Liberia
182,8/20/2014,151,1082.0,Cases,Liberia
183,8/18/2014,149,972.0,Cases,Liberia
184,8/16/2014,147,834.0,Cases,Liberia
185,8/13/2014,144,786.0,Cases,Liberia
186,8/11/2014,142,670.0,Cases,Liberia
187,8/9/2014,140,599.0,Cases,Liberia
188,8/6/2014,137,554.0,Cases,Liberia
189,8/4/2014,135,516.0,Cases,Liberia
190,8/1/2014,132,468.0,Cases,Liberia
191,7/30/2014,129,391.0,Cases,Liberia
192,7/27/2014,126,329.0,Cases,Liberia
193,7/23/2014,123,249.0,Cases,Liberia
194,7/20/2014,120,224.0,Cases,Liberia
195,7/17/2014,117,196.0,Cases,Liberia
196,7/14/2014,114,174.0,Cases,Liberia
197,7/12/2014,112,172.0,Cases,Liberia
198,7/8/2014,108,142.0,Cases,Liberia
199,7/6/2014,106,131.0,Cases,Liberia
200,7/2/2014,102,115.0,Cases,Liberia
201,6/30/2014,100,107.0,Cases,Liberia
202,6/22/2014,92,51.0,Cases,Liberia
203,6/20/2014,90,,Cases,Liberia
204,6/19/2014,89,41.0,Cases,Liberia
205,6/18/2014,88,,Cases,Liberia
206,6/17/2014,87,,Cases,Liberia
207,6/16/2014,86,33.0,Cases,Liberia
208,6/10/2014,80,13.0,Cases,Liberia
209,6/5/2014,75,13.0,Cases,Liberia
210,6/3/2014,73,13.0,Cases,Liberia
211,6/1/2014,71,13.0,Cases,Liberia
212,5/28/2014,67,13.0,Cases,Liberia
213,5/27/2014,66,12.0,Cases,Liberia
214,5/23/2014,62,12.0,Cases,Liberia
215,5/12/2014,51,12.0,Cases,Liberia
216,5/10/2014,49,12.0,Cases,Liberia
217,5/7/2014,46,13.0,Cases,Liberia
218,5/5/2014,44,13.0,Cases,Liberia
219,5/3/2014,42,13.0,Cases,Liberia
220,5/1/2014,40,13.0,Cases,Liberia
221,4/26/2014,35,,Cases,Liberia
222,4/24/2014,33,35.0,Cases,Liberia
223,4/23/2014,32,,Cases,Liberia
224,4/22/2014,31,,Cases,Liberia
225,4/21/2014,30,34.0,Cases,Liberia
226,4/20/2014,29,,Cases,Liberia
227,4/17/2014,26,27.0,Cases,Liberia
228,4/16/2014,25,27.0,Cases,Liberia
229,4/15/2014,24,,Cases,Liberia
230,4/14/2014,23,,Cases,Liberia
231,4/11/2014,20,26.0,Cases,Liberia
232,4/9/2014,18,25.0,Cases,Liberia
233,4/7/2014,16,21.0,Cases,Liberia
234,4/4/2014,13,18.0,Cases,Liberia
235,4/1/2014,10,8.0,Cases,Liberia
236,3/31/2014,9,8.0,Cases,Liberia
237,3/29/2014,7,7.0,Cases,Liberia
238,3/28/2014,6,3.0,Cases,Liberia
239,3/27/2014,5,8.0,Cases,Liberia
240,3/26/2014,4,,Cases,Liberia
241,3/25/2014,3,,Cases,Liberia
242,3/24/2014,2,,Cases,Liberia
243,3/22/2014,0,,Cases,Liberia
244,1/5/2015,289,10030.0,Cases,SierraLeone
245,1/4/2015,288,9780.0,Cases,SierraLeone
246,1/3/2015,287,9722.0,Cases,SierraLeone
247,1/2/2015,286,,Cases,SierraLeone
248,12/31/2014,284,9633.0,Cases,SierraLeone
249,12/28/2014,281,9446.0,Cases,SierraLeone
250,12/27/2014,280,9409.0,Cases,SierraLeone
251,12/24/2014,277,9203.0,Cases,SierraLeone
252,12/21/2014,273,9004.0,Cases,SierraLeone
253,12/20/2014,272,8939.0,Cases,SierraLeone
254,12/18/2014,271,,Cases,SierraLeone
255,12/14/2014,267,8356.0,Cases,SierraLeone
256,12/9/2014,262,,Cases,SierraLeone
257,12/7/2014,260,7897.0,Cases,SierraLeone
258,12/3/2014,256,,Cases,SierraLeone
259,11/30/2014,253,7312.0,Cases,SierraLeone
260,11/28/2014,251,,Cases,SierraLeone
261,11/23/2014,246,6599.0,Cases,SierraLeone
262,11/22/2014,245,,Cases,SierraLeone
263,11/18/2014,241,6190.0,Cases,SierraLeone
264,11/16/2014,239,6073.0,Cases,SierraLeone
265,11/15/2014,238,,Cases,SierraLeone
266,11/11/2014,234,5586.0,Cases,SierraLeone
267,11/10/2014,233,,Cases,SierraLeone
268,11/9/2014,232,5368.0,Cases,SierraLeone
269,11/8/2014,231,,Cases,SierraLeone
270,11/4/2014,227,4862.0,Cases,SierraLeone
271,11/3/2014,226,,Cases,SierraLeone
272,11/2/2014,225,4759.0,Cases,SierraLeone
273,10/31/2014,222,,Cases,SierraLeone
274,10/29/2014,220,5338.0,Cases,SierraLeone
275,10/27/2014,218,5235.0,Cases,SierraLeone
276,10/25/2014,216,,Cases,SierraLeone
277,10/22/2014,214,3896.0,Cases,SierraLeone
278,10/21/2014,213,,Cases,SierraLeone
279,10/19/2014,211,3706.0,Cases,SierraLeone
280,10/18/2014,210,,Cases,SierraLeone
281,10/14/2014,206,3410.0,Cases,SierraLeone
282,10/13/2014,205,,Cases,SierraLeone
283,10/12/2014,204,3252.0,Cases,SierraLeone
284,10/11/2014,203,,Cases,SierraLeone
285,10/8/2014,200,2950.0,Cases,SierraLeone
286,10/7/2014,199,,Cases,SierraLeone
287,10/5/2014,197,2789.0,Cases,SierraLeone
288,10/4/2014,196,,Cases,SierraLeone
289,10/1/2014,193,2437.0,Cases,SierraLeone
290,9/28/2014,190,2304.0,Cases,SierraLeone
291,9/23/2014,185,2021.0,Cases,SierraLeone
292,9/21/2014,183,1940.0,Cases,SierraLeone
293,9/20/2014,182,1813.0,Cases,SierraLeone
294,9/19/2014,181,,Cases,SierraLeone
295,9/17/2014,179,,Cases,SierraLeone
296,9/14/2014,176,1673.0,Cases,SierraLeone
297,9/13/2014,175,1620.0,Cases,SierraLeone
298,9/10/2014,172,1478.0,Cases,SierraLeone
299,9/9/2014,171,,Cases,SierraLeone
300,9/7/2014,169,1424.0,Cases,SierraLeone
301,9/5/2014,167,1261.0,Cases,SierraLeone
302,8/31/2014,162,1216.0,Cases,SierraLeone
303,8/26/2014,157,1026.0,Cases,SierraLeone
304,8/20/2014,151,910.0,Cases,SierraLeone
305,8/18/2014,149,907.0,Cases,SierraLeone
306,8/16/2014,147,848.0,Cases,SierraLeone
307,8/13/2014,144,810.0,Cases,SierraLeone
308,8/11/2014,142,783.0,Cases,SierraLeone
309,8/9/2014,140,730.0,Cases,SierraLeone
310,8/6/2014,137,717.0,Cases,SierraLeone
311,8/4/2014,135,691.0,Cases,SierraLeone
312,8/1/2014,132,646.0,Cases,SierraLeone
313,7/30/2014,129,574.0,Cases,SierraLeone
314,7/27/2014,126,533.0,Cases,SierraLeone
315,7/23/2014,123,525.0,Cases,SierraLeone
316,7/20/2014,120,454.0,Cases,SierraLeone
317,7/17/2014,117,442.0,Cases,SierraLeone
318,7/14/2014,114,397.0,Cases,SierraLeone
319,7/12/2014,112,386.0,Cases,SierraLeone
320,7/8/2014,108,337.0,Cases,SierraLeone
321,7/6/2014,106,305.0,Cases,SierraLeone
322,7/2/2014,102,252.0,Cases,SierraLeone
323,6/30/2014,100,239.0,Cases,SierraLeone
324,6/22/2014,92,,Cases,SierraLeone
325,6/20/2014,90,158.0,Cases,SierraLeone
326,6/19/2014,89,,Cases,SierraLeone
327,6/18/2014,88,136.0,Cases,SierraLeone
328,6/17/2014,87,97.0,Cases,SierraLeone
329,6/16/2014,86,,Cases,SierraLeone
330,6/10/2014,80,89.0,Cases,SierraLeone
331,6/5/2014,75,81.0,Cases,SierraLeone
332,6/3/2014,73,,Cases,SierraLeone
333,6/1/2014,71,79.0,Cases,SierraLeone
334,5/28/2014,67,50.0,Cases,SierraLeone
335,5/27/2014,66,16.0,Cases,SierraLeone
336,5/23/2014,62,0.0,Cases,SierraLeone
337,5/12/2014,51,0.0,Cases,SierraLeone
338,5/10/2014,49,0.0,Cases,SierraLeone
339,5/7/2014,46,0.0,Cases,SierraLeone
340,5/5/2014,44,0.0,Cases,SierraLeone
341,5/3/2014,42,0.0,Cases,SierraLeone
342,5/1/2014,40,0.0,Cases,SierraLeone
343,4/26/2014,35,0.0,Cases,SierraLeone
344,4/24/2014,33,0.0,Cases,SierraLeone
345,4/23/2014,32,0.0,Cases,SierraLeone
346,4/22/2014,31,0.0,Cases,SierraLeone
347,4/21/2014,30,,Cases,SierraLeone
348,4/20/2014,29,,Cases,SierraLeone
349,4/17/2014,26,,Cases,SierraLeone
350,4/16/2014,25,,Cases,SierraLeone
351,4/15/2014,24,12.0,Cases,SierraLeone
352,4/14/2014,23,,Cases,SierraLeone
353,4/11/2014,20,2.0,Cases,SierraLeone
354,4/9/2014,18,2.0,Cases,SierraLeone
355,4/7/2014,16,2.0,Cases,SierraLeone
356,4/4/2014,13,2.0,Cases,SierraLeone
357,4/1/2014,10,2.0,Cases,SierraLeone
358,3/31/2014,9,2.0,Cases,SierraLeone
359,3/29/2014,7,,Cases,SierraLeone
360,3/28/2014,6,2.0,Cases,SierraLeone
361,3/27/2014,5,6.0,Cases,SierraLeone
362,3/26/2014,4,,Cases,SierraLeone
363,3/25/2014,3,,Cases,SierraLeone
364,3/24/2014,2,,Cases,SierraLeone
365,3/22/2014,0,,Cases,SierraLeone
366,1/5/2015,289,,Cases,Nigeria
367,1/4/2015,288,,Cases,Nigeria
368,1/3/2015,287,,Cases,Nigeria
369,1/2/2015,286,,Cases,Nigeria
370,12/31/2014,284,,Cases,Nigeria
371,12/28/2014,281,,Cases,Nigeria
372,12/27/2014,280,,Cases,Nigeria
373,12/24/2014,277,,Cases,Nigeria
374,12/21/2014,273,,Cases,Nigeria
375,12/20/2014,272,,Cases,Nigeria
376,12/18/2014,271,,Cases,Nigeria
377,12/14/2014,267,,Cases,Nigeria
378,12/9/2014,262,,Cases,Nigeria
379,12/7/2014,260,20.0,Cases,Nigeria
380,12/3/2014,256,,Cases,Nigeria
381,11/30/2014,253,20.0,Cases,Nigeria
382,11/28/2014,251,,Cases,Nigeria
383,11/23/2014,246,20.0,Cases,Nigeria
384,11/22/2014,245,,Cases,Nigeria
385,11/18/2014,241,20.0,Cases,Nigeria
386,11/16/2014,239,20.0,Cases,Nigeria
387,11/15/2014,238,,Cases,Nigeria
388,11/11/2014,234,20.0,Cases,Nigeria
389,11/10/2014,233,,Cases,Nigeria
390,11/9/2014,232,20.0,Cases,Nigeria
391,11/8/2014,231,,Cases,Nigeria
392,11/4/2014,227,20.0,Cases,Nigeria
393,11/3/2014,226,,Cases,Nigeria
394,11/2/2014,225,20.0,Cases,Nigeria
395,10/31/2014,222,,Cases,Nigeria
396,10/29/2014,220,20.0,Cases,Nigeria
397,10/27/2014,218,20.0,Cases,Nigeria
398,10/25/2014,216,,Cases,Nigeria
399,10/22/2014,214,,Cases,Nigeria
400,10/21/2014,213,,Cases,Nigeria
401,10/19/2014,211,20.0,Cases,Nigeria
402,10/18/2014,210,,Cases,Nigeria
403,10/14/2014,206,20.0,Cases,Nigeria
404,10/13/2014,205,,Cases,Nigeria
405,10/12/2014,204,20.0,Cases,Nigeria
406,10/11/2014,203,,Cases,Nigeria
407,10/8/2014,200,20.0,Cases,Nigeria
408,10/7/2014,199,,Cases,Nigeria
409,10/5/2014,197,20.0,Cases,Nigeria
410,10/4/2014,196,,Cases,Nigeria
411,10/1/2014,193,20.0,Cases,Nigeria
412,9/28/2014,190,20.0,Cases,Nigeria
413,9/23/2014,185,20.0,Cases,Nigeria
414,9/21/2014,183,20.0,Cases,Nigeria
415,9/20/2014,182,,Cases,Nigeria
416,9/19/2014,181,,Cases,Nigeria
417,9/17/2014,179,,Cases,Nigeria
418,9/14/2014,176,,Cases,Nigeria
419,9/13/2014,175,21.0,Cases,Nigeria
420,9/10/2014,172,21.0,Cases,Nigeria
421,9/9/2014,171,,Cases,Nigeria
422,9/7/2014,169,21.0,Cases,Nigeria
423,9/5/2014,167,22.0,Cases,Nigeria
424,8/31/2014,162,21.0,Cases,Nigeria
425,8/26/2014,157,17.0,Cases,Nigeria
426,8/20/2014,151,16.0,Cases,Nigeria
427,8/18/2014,149,15.0,Cases,Nigeria
428,8/16/2014,147,15.0,Cases,Nigeria
429,8/13/2014,144,12.0,Cases,Nigeria
430,8/11/2014,142,12.0,Cases,Nigeria
431,8/9/2014,140,13.0,Cases,Nigeria
432,8/6/2014,137,13.0,Cases,Nigeria
433,8/4/2014,135,9.0,Cases,Nigeria
434,8/1/2014,132,4.0,Cases,Nigeria
435,7/30/2014,129,3.0,Cases,Nigeria
436,7/27/2014,126,1.0,Cases,Nigeria
437,7/23/2014,123,0.0,Cases,Nigeria
438,7/20/2014,120,,Cases,Nigeria
439,7/17/2014,117,,Cases,Nigeria
440,7/14/2014,114,,Cases,Nigeria
441,7/12/2014,112,,Cases,Nigeria
442,7/8/2014,108,,Cases,Nigeria
443,7/6/2014,106,,Cases,Nigeria
444,7/2/2014,102,,Cases,Nigeria
445,6/30/2014,100,,Cases,Nigeria
446,6/22/2014,92,,Cases,Nigeria
447,6/20/2014,90,,Cases,Nigeria
448,6/19/2014,89,,Cases,Nigeria
449,6/18/2014,88,,Cases,Nigeria
450,6/17/2014,87,,Cases,Nigeria
451,6/16/2014,86,,Cases,Nigeria
452,6/10/2014,80,,Cases,Nigeria
453,6/5/2014,75,,Cases,Nigeria
454,6/3/2014,73,,Cases,Nigeria
455,6/1/2014,71,,Cases,Nigeria
456,5/28/2014,67,,Cases,Nigeria
457,5/27/2014,66,,Cases,Nigeria
458,5/23/2014,62,,Cases,Nigeria
459,5/12/2014,51,,Cases,Nigeria
460,5/10/2014,49,,Cases,Nigeria
461,5/7/2014,46,,Cases,Nigeria
462,5/5/2014,44,,Cases,Nigeria
463,5/3/2014,42,,Cases,Nigeria
464,5/1/2014,40,,Cases,Nigeria
465,4/26/2014,35,,Cases,Nigeria
466,4/24/2014,33,,Cases,Nigeria
467,4/23/2014,32,,Cases,Nigeria
468,4/22/2014,31,,Cases,Nigeria
469,4/21/2014,30,,Cases,Nigeria
470,4/20/2014,29,,Cases,Nigeria
471,4/17/2014,26,,Cases,Nigeria
472,4/16/2014,25,,Cases,Nigeria
473,4/15/2014,24,,Cases,Nigeria
474,4/14/2014,23,,Cases,Nigeria
475,4/11/2014,20,,Cases,Nigeria
476,4/9/2014,18,,Cases,Nigeria
477,4/7/2014,16,,Cases,Nigeria
478,4/4/2014,13,,Cases,Nigeria
479,4/1/2014,10,,Cases,Nigeria
480,3/31/2014,9,,Cases,Nigeria
481,3/29/2014,7,,Cases,Nigeria
482,3/28/2014,6,,Cases,Nigeria
483,3/27/2014,5,,Cases,Nigeria
484,3/26/2014,4,,Cases,Nigeria
485,3/25/2014,3,,Cases,Nigeria
486,3/24/2014,2,,Cases,Nigeria
487,3/22/2014,0,,Cases,Nigeria
488,1/5/2015,289,,Cases,Senegal
489,1/4/2015,288,,Cases,Senegal
490,1/3/2015,287,,Cases,Senegal
491,1/2/2015,286,,Cases,Senegal
492,12/31/2014,284,,Cases,Senegal
493,12/28/2014,281,,Cases,Senegal
494,12/27/2014,280,,Cases,Senegal
495,12/24/2014,277,,Cases,Senegal
496,12/21/2014,273,,Cases,Senegal
497,12/20/2014,272,,Cases,Senegal
498,12/18/2014,271,,Cases,Senegal
499,12/14/2014,267,,Cases,Senegal
500,12/9/2014,262,,Cases,Senegal
501,12/7/2014,260,1.0,Cases,Senegal
502,12/3/2014,256,,Cases,Senegal
503,11/30/2014,253,1.0,Cases,Senegal
504,11/28/2014,251,,Cases,Senegal
505,11/23/2014,246,1.0,Cases,Senegal
506,11/22/2014,245,,Cases,Senegal
507,11/18/2014,241,1.0,Cases,Senegal
508,11/16/2014,239,1.0,Cases,Senegal
509,11/15/2014,238,,Cases,Senegal
510,11/11/2014,234,1.0,Cases,Senegal
511,11/10/2014,233,,Cases,Senegal
512,11/9/2014,232,1.0,Cases,Senegal
513,11/8/2014,231,,Cases,Senegal
514,11/4/2014,227,1.0,Cases,Senegal
515,11/3/2014,226,,Cases,Senegal
516,11/2/2014,225,1.0,Cases,Senegal
517,10/31/2014,222,,Cases,Senegal
518,10/29/2014,220,1.0,Cases,Senegal
519,10/27/2014,218,1.0,Cases,Senegal
520,10/25/2014,216,,Cases,Senegal
521,10/22/2014,214,,Cases,Senegal
522,10/21/2014,213,,Cases,Senegal
523,10/19/2014,211,1.0,Cases,Senegal
524,10/18/2014,210,,Cases,Senegal
525,10/14/2014,206,1.0,Cases,Senegal
526,10/13/2014,205,,Cases,Senegal
527,10/12/2014,204,1.0,Cases,Senegal
528,10/11/2014,203,,Cases,Senegal
529,10/8/2014,200,1.0,Cases,Senegal
530,10/7/2014,199,,Cases,Senegal
531,10/5/2014,197,1.0,Cases,Senegal
532,10/4/2014,196,,Cases,Senegal
533,10/1/2014,193,1.0,Cases,Senegal
534,9/28/2014,190,1.0,Cases,Senegal
535,9/23/2014,185,1.0,Cases,Senegal
536,9/21/2014,183,1.0,Cases,Senegal
537,9/20/2014,182,,Cases,Senegal
538,9/19/2014,181,,Cases,Senegal
539,9/17/2014,179,,Cases,Senegal
540,9/14/2014,176,,Cases,Senegal
541,9/13/2014,175,1.0,Cases,Senegal
542,9/10/2014,172,1.0,Cases,Senegal
543,9/9/2014,171,,Cases,Senegal
544,9/7/2014,169,3.0,Cases,Senegal
545,9/5/2014,167,1.0,Cases,Senegal
546,8/31/2014,162,1.0,Cases,Senegal
547,8/26/2014,157,,Cases,Senegal
548,8/20/2014,151,,Cases,Senegal
549,8/18/2014,149,,Cases,Senegal
550,8/16/2014,147,,Cases,Senegal
551,8/13/2014,144,,Cases,Senegal
552,8/11/2014,142,,Cases,Senegal
553,8/9/2014,140,,Cases,Senegal
554,8/6/2014,137,,Cases,Senegal
555,8/4/2014,135,,Cases,Senegal
556,8/1/2014,132,,Cases,Senegal
557,7/30/2014,129,,Cases,Senegal
558,7/27/2014,126,,Cases,Senegal
559,7/23/2014,123,,Cases,Senegal
560,7/20/2014,120,,Cases,Senegal
561,7/17/2014,117,,Cases,Senegal
562,7/14/2014,114,,Cases,Senegal
563,7/12/2014,112,,Cases,Senegal
564,7/8/2014,108,,Cases,Senegal
565,7/6/2014,106,,Cases,Senegal
566,7/2/2014,102,,Cases,Senegal
567,6/30/2014,100,,Cases,Senegal
568,6/22/2014,92,,Cases,Senegal
569,6/20/2014,90,,Cases,Senegal
570,6/19/2014,89,,Cases,Senegal
571,6/18/2014,88,,Cases,Senegal
572,6/17/2014,87,,Cases,Senegal
573,6/16/2014,86,,Cases,Senegal
574,6/10/2014,80,,Cases,Senegal
575,6/5/2014,75,,Cases,Senegal
576,6/3/2014,73,,Cases,Senegal
577,6/1/2014,71,,Cases,Senegal
578,5/28/2014,67,,Cases,Senegal
579,5/27/2014,66,,Cases,Senegal
580,5/23/2014,62,,Cases,Senegal
581,5/12/2014,51,,Cases,Senegal
582,5/10/2014,49,,Cases,Senegal
583,5/7/2014,46,,Cases,Senegal
584,5/5/2014,44,,Cases,Senegal
585,5/3/2014,42,,Cases,Senegal
586,5/1/2014,40,,Cases,Senegal
587,4/26/2014,35,,Cases,Senegal
588,4/24/2014,33,,Cases,Senegal
589,4/23/2014,32,,Cases,Senegal
590,4/22/2014,31,,Cases,Senegal
591,4/21/2014,30,,Cases,Senegal
592,4/20/2014,29,,Cases,Senegal
593,4/17/2014,26,,Cases,Senegal
594,4/16/2014,25,,Cases,Senegal
595,4/15/2014,24,,Cases,Senegal
596,4/14/2014,23,,Cases,Senegal
597,4/11/2014,20,,Cases,Senegal
598,4/9/2014,18,,Cases,Senegal
599,4/7/2014,16,,Cases,Senegal
600,4/4/2014,13,,Cases,Senegal
601,4/1/2014,10,,Cases,Senegal
602,3/31/2014,9,,Cases,Senegal
603,3/29/2014,7,,Cases,Senegal
604,3/28/2014,6,,Cases,Senegal
605,3/27/2014,5,,Cases,Senegal
606,3/26/2014,4,,Cases,Senegal
607,3/25/2014,3,,Cases,Senegal
608,3/24/2014,2,,Cases,Senegal
609,3/22/2014,0,,Cases,Senegal
610,1/5/2015,289,,Cases,UnitedStates
611,1/4/2015,288,,Cases,UnitedStates
612,1/3/2015,287,,Cases,UnitedStates
613,1/2/2015,286,,Cases,UnitedStates
614,12/31/2014,284,,Cases,UnitedStates
615,12/28/2014,281,,Cases,UnitedStates
616,12/27/2014,280,,Cases,UnitedStates
617,12/24/2014,277,,Cases,UnitedStates
618,12/21/2014,273,,Cases,UnitedStates
619,12/20/2014,272,,Cases,UnitedStates
620,12/18/2014,271,,Cases,UnitedStates
621,12/14/2014,267,,Cases,UnitedStates
622,12/9/2014,262,,Cases,UnitedStates
623,12/7/2014,260,4.0,Cases,UnitedStates
624,12/3/2014,256,,Cases,UnitedStates
625,11/30/2014,253,4.0,Cases,UnitedStates
626,11/28/2014,251,,Cases,UnitedStates
627,11/23/2014,246,4.0,Cases,UnitedStates
628,11/22/2014,245,,Cases,UnitedStates
629,11/18/2014,241,4.0,Cases,UnitedStates
630,11/16/2014,239,4.0,Cases,UnitedStates
631,11/15/2014,238,,Cases,UnitedStates
632,11/11/2014,234,4.0,Cases,UnitedStates
633,11/10/2014,233,,Cases,UnitedStates
634,11/9/2014,232,4.0,Cases,UnitedStates
635,11/8/2014,231,,Cases,UnitedStates
636,11/4/2014,227,4.0,Cases,UnitedStates
637,11/3/2014,226,,Cases,UnitedStates
638,11/2/2014,225,4.0,Cases,UnitedStates
639,10/31/2014,222,,Cases,UnitedStates
640,10/29/2014,220,4.0,Cases,UnitedStates
641,10/27/2014,218,4.0,Cases,UnitedStates
642,10/25/2014,216,,Cases,UnitedStates
643,10/22/2014,214,4.0,Cases,UnitedStates
644,10/21/2014,213,,Cases,UnitedStates
645,10/19/2014,211,3.0,Cases,UnitedStates
646,10/18/2014,210,,Cases,UnitedStates
647,10/14/2014,206,3.0,Cases,UnitedStates
648,10/13/2014,205,,Cases,UnitedStates
649,10/12/2014,204,2.0,Cases,UnitedStates
650,10/11/2014,203,,Cases,UnitedStates
651,10/8/2014,200,1.0,Cases,UnitedStates
652,10/7/2014,199,,Cases,UnitedStates
653,10/5/2014,197,1.0,Cases,UnitedStates
654,10/4/2014,196,,Cases,UnitedStates
655,10/1/2014,193,1.0,Cases,UnitedStates
656,9/28/2014,190,,Cases,UnitedStates
657,9/23/2014,185,,Cases,UnitedStates
658,9/21/2014,183,,Cases,UnitedStates
659,9/20/2014,182,,Cases,UnitedStates
660,9/19/2014,181,,Cases,UnitedStates
661,9/17/2014,179,,Cases,UnitedStates
662,9/14/2014,176,,Cases,UnitedStates
663,9/13/2014,175,,Cases,UnitedStates
664,9/10/2014,172,,Cases,UnitedStates
665,9/9/2014,171,,Cases,UnitedStates
666,9/7/2014,169,,Cases,UnitedStates
667,9/5/2014,167,,Cases,UnitedStates
668,8/31/2014,162,,Cases,UnitedStates
669,8/26/2014,157,,Cases,UnitedStates
670,8/20/2014,151,,Cases,UnitedStates
671,8/18/2014,149,,Cases,UnitedStates
672,8/16/2014,147,,Cases,UnitedStates
673,8/13/2014,144,,Cases,UnitedStates
674,8/11/2014,142,,Cases,UnitedStates
675,8/9/2014,140,,Cases,UnitedStates
676,8/6/2014,137,,Cases,UnitedStates
677,8/4/2014,135,,Cases,UnitedStates
678,8/1/2014,132,,Cases,UnitedStates
679,7/30/2014,129,,Cases,UnitedStates
680,7/27/2014,126,,Cases,UnitedStates
681,7/23/2014,123,,Cases,UnitedStates
682,7/20/2014,120,,Cases,UnitedStates
683,7/17/2014,117,,Cases,UnitedStates
684,7/14/2014,114,,Cases,UnitedStates
685,7/12/2014,112,,Cases,UnitedStates
686,7/8/2014,108,,Cases,UnitedStates
687,7/6/2014,106,,Cases,UnitedStates
688,7/2/2014,102,,Cases,UnitedStates
689,6/30/2014,100,,Cases,UnitedStates
690,6/22/2014,92,,Cases,UnitedStates
691,6/20/2014,90,,Cases,UnitedStates
692,6/19/2014,89,,Cases,UnitedStates
693,6/18/2014,88,,Cases,UnitedStates
694,6/17/2014,87,,Cases,UnitedStates
695,6/16/2014,86,,Cases,UnitedStates
696,6/10/2014,80,,Cases,UnitedStates
697,6/5/2014,75,,Cases,UnitedStates
698,6/3/2014,73,,Cases,UnitedStates
699,6/1/2014,71,,Cases,UnitedStates
700,5/28/2014,67,,Cases,UnitedStates
701,5/27/2014,66,,Cases,UnitedStates
702,5/23/2014,62,,Cases,UnitedStates
703,5/12/2014,51,,Cases,UnitedStates
704,5/10/2014,49,,Cases,UnitedStates
705,5/7/2014,46,,Cases,UnitedStates
706,5/5/2014,44,,Cases,UnitedStates
707,5/3/2014,42,,Cases,UnitedStates
708,5/1/2014,40,,Cases,UnitedStates
709,4/26/2014,35,,Cases,UnitedStates
710,4/24/2014,33,,Cases,UnitedStates
711,4/23/2014,32,,Cases,UnitedStates
712,4/22/2014,31,,Cases,UnitedStates
713,4/21/2014,30,,Cases,UnitedStates
714,4/20/2014,29,,Cases,UnitedStates
715,4/17/2014,26,,Cases,UnitedStates
716,4/16/2014,25,,Cases,UnitedStates
717,4/15/2014,24,,Cases,UnitedStates
718,4/14/2014,23,,Cases,UnitedStates
719,4/11/2014,20,,Cases,UnitedStates
720,4/9/2014,18,,Cases,UnitedStates
721,4/7/2014,16,,Cases,UnitedStates
722,4/4/2014,13,,Cases,UnitedStates
723,4/1/2014,10,,Cases,UnitedStates
724,3/31/2014,9,,Cases,UnitedStates
725,3/29/2014,7,,Cases,UnitedStates
726,3/28/2014,6,,Cases,UnitedStates
727,3/27/2014,5,,Cases,UnitedStates
728,3/26/2014,4,,Cases,UnitedStates
729,3/25/2014,3,,Cases,UnitedStates
730,3/24/2014,2,,Cases,UnitedStates
731,3/22/2014,0,,Cases,UnitedStates
732,1/5/2015,289,,Cases,Spain
733,1/4/2015,288,,Cases,Spain
734,1/3/2015,287,,Cases,Spain
735,1/2/2015,286,,Cases,Spain
736,12/31/2014,284,,Cases,Spain
737,12/28/2014,281,,Cases,Spain
738,12/27/2014,280,,Cases,Spain
739,12/24/2014,277,,Cases,Spain
740,12/21/2014,273,,Cases,Spain
741,12/20/2014,272,,Cases,Spain
742,12/18/2014,271,,Cases,Spain
743,12/14/2014,267,,Cases,Spain
744,12/9/2014,262,,Cases,Spain
745,12/7/2014,260,1.0,Cases,Spain
746,12/3/2014,256,,Cases,Spain
747,11/30/2014,253,1.0,Cases,Spain
748,11/28/2014,251,,Cases,Spain
749,11/23/2014,246,1.0,Cases,Spain
750,11/22/2014,245,,Cases,Spain
751,11/18/2014,241,1.0,Cases,Spain
752,11/16/2014,239,1.0,Cases,Spain
753,11/15/2014,238,,Cases,Spain
754,11/11/2014,234,1.0,Cases,Spain
755,11/10/2014,233,,Cases,Spain
756,11/9/2014,232,1.0,Cases,Spain
757,11/8/2014,231,,Cases,Spain
758,11/4/2014,227,1.0,Cases,Spain
759,11/3/2014,226,,Cases,Spain
760,11/2/2014,225,1.0,Cases,Spain
761,10/31/2014,222,,Cases,Spain
762,10/29/2014,220,1.0,Cases,Spain
763,10/27/2014,218,1.0,Cases,Spain
764,10/25/2014,216,,Cases,Spain
765,10/22/2014,214,1.0,Cases,Spain
766,10/21/2014,213,,Cases,Spain
767,10/19/2014,211,1.0,Cases,Spain
768,10/18/2014,210,,Cases,Spain
769,10/14/2014,206,1.0,Cases,Spain
770,10/13/2014,205,,Cases,Spain
771,10/12/2014,204,1.0,Cases,Spain
772,10/11/2014,203,,Cases,Spain
773,10/8/2014,200,1.0,Cases,Spain
774,10/7/2014,199,,Cases,Spain
775,10/5/2014,197,,Cases,Spain
776,10/4/2014,196,,Cases,Spain
777,10/1/2014,193,,Cases,Spain
778,9/28/2014,190,,Cases,Spain
779,9/23/2014,185,,Cases,Spain
780,9/21/2014,183,,Cases,Spain
781,9/20/2014,182,,Cases,Spain
782,9/19/2014,181,,Cases,Spain
783,9/17/2014,179,,Cases,Spain
784,9/14/2014,176,,Cases,Spain
785,9/13/2014,175,,Cases,Spain
786,9/10/2014,172,,Cases,Spain
787,9/9/2014,171,,Cases,Spain
788,9/7/2014,169,,Cases,Spain
789,9/5/2014,167,,Cases,Spain
790,8/31/2014,162,,Cases,Spain
791,8/26/2014,157,,Cases,Spain
792,8/20/2014,151,,Cases,Spain
793,8/18/2014,149,,Cases,Spain
794,8/16/2014,147,,Cases,Spain
795,8/13/2014,144,,Cases,Spain
796,8/11/2014,142,,Cases,Spain
797,8/9/2014,140,,Cases,Spain
798,8/6/2014,137,,Cases,Spain
799,8/4/2014,135,,Cases,Spain
800,8/1/2014,132,,Cases,Spain
801,7/30/2014,129,,Cases,Spain
802,7/27/2014,126,,Cases,Spain
803,7/23/2014,123,,Cases,Spain
804,7/20/2014,120,,Cases,Spain
805,7/17/2014,117,,Cases,Spain
806,7/14/2014,114,,Cases,Spain
807,7/12/2014,112,,Cases,Spain
808,7/8/2014,108,,Cases,Spain
809,7/6/2014,106,,Cases,Spain
810,7/2/2014,102,,Cases,Spain
811,6/30/2014,100,,Cases,Spain
812,6/22/2014,92,,Cases,Spain
813,6/20/2014,90,,Cases,Spain
814,6/19/2014,89,,Cases,Spain
815,6/18/2014,88,,Cases,Spain
816,6/17/2014,87,,Cases,Spain
817,6/16/2014,86,,Cases,Spain
818,6/10/2014,80,,Cases,Spain
819,6/5/2014,75,,Cases,Spain
820,6/3/2014,73,,Cases,Spain
821,6/1/2014,71,,Cases,Spain
822,5/28/2014,67,,Cases,Spain
823,5/27/2014,66,,Cases,Spain
824,5/23/2014,62,,Cases,Spain
825,5/12/2014,51,,Cases,Spain
826,5/10/2014,49,,Cases,Spain
827,5/7/2014,46,,Cases,Spain
828,5/5/2014,44,,Cases,Spain
829,5/3/2014,42,,Cases,Spain
830,5/1/2014,40,,Cases,Spain
831,4/26/2014,35,,Cases,Spain
832,4/24/2014,33,,Cases,Spain
833,4/23/2014,32,,Cases,Spain
834,4/22/2014,31,,Cases,Spain
835,4/21/2014,30,,Cases,Spain
836,4/20/2014,29,,Cases,Spain
837,4/17/2014,26,,Cases,Spain
838,4/16/2014,25,,Cases,Spain
839,4/15/2014,24,,Cases,Spain
840,4/14/2014,23,,Cases,Spain
841,4/11/2014,20,,Cases,Spain
842,4/9/2014,18,,Cases,Spain
843,4/7/2014,16,,Cases,Spain
844,4/4/2014,13,,Cases,Spain
845,4/1/2014,10,,Cases,Spain
846,3/31/2014,9,,Cases,Spain
847,3/29/2014,7,,Cases,Spain
848,3/28/2014,6,,Cases,Spain
849,3/27/2014,5,,Cases,Spain
850,3/26/2014,4,,Cases,Spain
851,3/25/2014,3,,Cases,Spain
852,3/24/2014,2,,Cases,Spain
853,3/22/2014,0,,Cases,Spain
854,1/5/2015,289,,Cases,Mali
855,1/4/2015,288,,Cases,Mali
856,1/3/2015,287,,Cases,Mali
857,1/2/2015,286,,Cases,Mali
858,12/31/2014,284,,Cases,Mali
859,12/28/2014,281,,Cases,Mali
860,12/27/2014,280,,Cases,Mali
861,12/24/2014,277,,Cases,Mali
862,12/21/2014,273,,Cases,Mali
863,12/20/2014,272,,Cases,Mali
864,12/18/2014,271,,Cases,Mali
865,12/14/2014,267,,Cases,Mali
866,12/9/2014,262,,Cases,Mali
867,12/7/2014,260,7.0,Cases,Mali
868,12/3/2014,256,,Cases,Mali
869,11/30/2014,253,7.0,Cases,Mali
870,11/28/2014,251,,Cases,Mali
871,11/23/2014,246,7.0,Cases,Mali
872,11/22/2014,245,,Cases,Mali
873,11/18/2014,241,6.0,Cases,Mali
874,11/16/2014,239,5.0,Cases,Mali
875,11/15/2014,238,,Cases,Mali
876,11/11/2014,234,4.0,Cases,Mali
877,11/10/2014,233,,Cases,Mali
878,11/9/2014,232,1.0,Cases,Mali
879,11/8/2014,231,,Cases,Mali
880,11/4/2014,227,1.0,Cases,Mali
881,11/3/2014,226,,Cases,Mali
882,11/2/2014,225,1.0,Cases,Mali
883,10/31/2014,222,,Cases,Mali
884,10/29/2014,220,1.0,Cases,Mali
885,10/27/2014,218,1.0,Cases,Mali
886,10/25/2014,216,,Cases,Mali
887,10/22/2014,214,1.0,Cases,Mali
888,10/21/2014,213,,Cases,Mali
889,10/19/2014,211,,Cases,Mali
890,10/18/2014,210,,Cases,Mali
891,10/14/2014,206,,Cases,Mali
892,10/13/2014,205,,Cases,Mali
893,10/12/2014,204,,Cases,Mali
894,10/11/2014,203,,Cases,Mali
895,10/8/2014,200,,Cases,Mali
896,10/7/2014,199,,Cases,Mali
897,10/5/2014,197,,Cases,Mali
898,10/4/2014,196,,Cases,Mali
899,10/1/2014,193,,Cases,Mali
900,9/28/2014,190,,Cases,Mali
901,9/23/2014,185,,Cases,Mali
902,9/21/2014,183,,Cases,Mali
903,9/20/2014,182,,Cases,Mali
904,9/19/2014,181,,Cases,Mali
905,9/17/2014,179,,Cases,Mali
906,9/14/2014,176,,Cases,Mali
907,9/13/2014,175,,Cases,Mali
908,9/10/2014,172,,Cases,Mali
909,9/9/2014,171,,Cases,Mali
910,9/7/2014,169,,Cases,Mali
911,9/5/2014,167,,Cases,Mali
912,8/31/2014,162,,Cases,Mali
913,8/26/2014,157,,Cases,Mali
914,8/20/2014,151,,Cases,Mali
915,8/18/2014,149,,Cases,Mali
916,8/16/2014,147,,Cases,Mali
917,8/13/2014,144,,Cases,Mali
918,8/11/2014,142,,Cases,Mali
919,8/9/2014,140,,Cases,Mali
920,8/6/2014,137,,Cases,Mali
921,8/4/2014,135,,Cases,Mali
922,8/1/2014,132,,Cases,Mali
923,7/30/2014,129,,Cases,Mali
924,7/27/2014,126,,Cases,Mali
925,7/23/2014,123,,Cases,Mali
926,7/20/2014,120,,Cases,Mali
927,7/17/2014,117,,Cases,Mali
928,7/14/2014,114,,Cases,Mali
929,7/12/2014,112,,Cases,Mali
930,7/8/2014,108,,Cases,Mali
931,7/6/2014,106,,Cases,Mali
932,7/2/2014,102,,Cases,Mali
933,6/30/2014,100,,Cases,Mali
934,6/22/2014,92,,Cases,Mali
935,6/20/2014,90,,Cases,Mali
936,6/19/2014,89,,Cases,Mali
937,6/18/2014,88,,Cases,Mali
938,6/17/2014,87,,Cases,Mali
939,6/16/2014,86,,Cases,Mali
940,6/10/2014,80,,Cases,Mali
941,6/5/2014,75,,Cases,Mali
942,6/3/2014,73,,Cases,Mali
943,6/1/2014,71,,Cases,Mali
944,5/28/2014,67,,Cases,Mali
945,5/27/2014,66,,Cases,Mali
946,5/23/2014,62,,Cases,Mali
947,5/12/2014,51,,Cases,Mali
948,5/10/2014,49,,Cases,Mali
949,5/7/2014,46,,Cases,Mali
950,5/5/2014,44,,Cases,Mali
951,5/3/2014,42,,Cases,Mali
952,5/1/2014,40,,Cases,Mali
953,4/26/2014,35,,Cases,Mali
954,4/24/2014,33,,Cases,Mali
955,4/23/2014,32,,Cases,Mali
956,4/22/2014,31,,Cases,Mali
957,4/21/2014,30,,Cases,Mali
958,4/20/2014,29,,Cases,Mali
959,4/17/2014,26,,Cases,Mali
960,4/16/2014,25,,Cases,Mali
961,4/15/2014,24,,Cases,Mali
962,4/14/2014,23,,Cases,Mali
963,4/11/2014,20,,Cases,Mali
964,4/9/2014,18,,Cases,Mali
965,4/7/2014,16,,Cases,Mali
966,4/4/2014,13,,Cases,Mali
967,4/1/2014,10,,Cases,Mali
968,3/31/2014,9,,Cases,Mali
969,3/29/2014,7,,Cases,Mali
970,3/28/2014,6,,Cases,Mali
971,3/27/2014,5,,Cases,Mali
972,3/26/2014,4,,Cases,Mali
973,3/25/2014,3,,Cases,Mali
974,3/24/2014,2,,Cases,Mali
975,3/22/2014,0,,Cases,Mali
976,1/5/2015,289,1786.0,Deaths,Guinea
977,1/4/2015,288,1781.0,Deaths,Guinea
978,1/3/2015,287,1767.0,Deaths,Guinea
979,1/2/2015,286,,Deaths,Guinea
980,12/31/2014,284,1739.0,Deaths,Guinea
981,12/28/2014,281,1708.0,Deaths,Guinea
982,12/27/2014,280,1697.0,Deaths,Guinea
983,12/24/2014,277,,Deaths,Guinea
984,12/21/2014,273,1607.0,Deaths,Guinea
985,12/20/2014,272,1586.0,Deaths,Guinea
986,12/18/2014,271,,Deaths,Guinea
987,12/14/2014,267,1525.0,Deaths,Guinea
988,12/9/2014,262,,Deaths,Guinea
989,12/7/2014,260,1428.0,Deaths,Guinea
990,12/3/2014,256,,Deaths,Guinea
991,11/30/2014,253,1327.0,Deaths,Guinea
992,11/28/2014,251,,Deaths,Guinea
993,11/23/2014,246,1260.0,Deaths,Guinea
994,11/22/2014,245,,Deaths,Guinea
995,11/18/2014,241,1214.0,Deaths,Guinea
996,11/16/2014,239,1192.0,Deaths,Guinea
997,11/15/2014,238,,Deaths,Guinea
998,11/11/2014,234,1166.0,Deaths,Guinea
999,11/10/2014,233,,Deaths,Guinea
1000,11/9/2014,232,1142.0,Deaths,Guinea
1001,11/8/2014,231,,Deaths,Guinea
1002,11/4/2014,227,,Deaths,Guinea
1003,11/3/2014,226,1054.0,Deaths,Guinea
1004,11/2/2014,225,1041.0,Deaths,Guinea
1005,10/31/2014,222,,Deaths,Guinea
1006,10/29/2014,220,1018.0,Deaths,Guinea
1007,10/27/2014,218,997.0,Deaths,Guinea
1008,10/25/2014,216,,Deaths,Guinea
1009,10/22/2014,214,,Deaths,Guinea
1010,10/21/2014,213,926.0,Deaths,Guinea
1011,10/19/2014,211,904.0,Deaths,Guinea
1012,10/18/2014,210,,Deaths,Guinea
1013,10/14/2014,206,862.0,Deaths,Guinea
1014,10/13/2014,205,,Deaths,Guinea
1015,10/12/2014,204,843.0,Deaths,Guinea
1016,10/11/2014,203,,Deaths,Guinea
1017,10/8/2014,200,,Deaths,Guinea
1018,10/7/2014,199,778.0,Deaths,Guinea
1019,10/5/2014,197,768.0,Deaths,Guinea
1020,10/4/2014,196,,Deaths,Guinea
1021,10/1/2014,193,739.0,Deaths,Guinea
1022,9/28/2014,190,710.0,Deaths,Guinea
1023,9/23/2014,185,648.0,Deaths,Guinea
1024,9/21/2014,183,635.0,Deaths,Guinea
1025,9/20/2014,182,,Deaths,Guinea
1026,9/19/2014,181,632.0,Deaths,Guinea
1027,9/17/2014,179,,Deaths,Guinea
1028,9/14/2014,176,601.0,Deaths,Guinea
1029,9/13/2014,175,595.0,Deaths,Guinea
1030,9/10/2014,172,568.0,Deaths,Guinea
1031,9/9/2014,171,,Deaths,Guinea
1032,9/7/2014,169,557.0,Deaths,Guinea
1033,9/5/2014,167,517.0,Deaths,Guinea
1034,8/31/2014,162,494.0,Deaths,Guinea
1035,8/26/2014,157,430.0,Deaths,Guinea
1036,8/20/2014,151,406.0,Deaths,Guinea
1037,8/18/2014,149,396.0,Deaths,Guinea
1038,8/16/2014,147,394.0,Deaths,Guinea
1039,8/13/2014,144,380.0,Deaths,Guinea
1040,8/11/2014,142,377.0,Deaths,Guinea
1041,8/9/2014,140,373.0,Deaths,Guinea
1042,8/6/2014,137,367.0,Deaths,Guinea
1043,8/4/2014,135,363.0,Deaths,Guinea
1044,8/1/2014,132,358.0,Deaths,Guinea
1045,7/30/2014,129,346.0,Deaths,Guinea
1046,7/27/2014,126,339.0,Deaths,Guinea
1047,7/23/2014,123,319.0,Deaths,Guinea
1048,7/20/2014,120,314.0,Deaths,Guinea
1049,7/17/2014,117,310.0,Deaths,Guinea
1050,7/14/2014,114,310.0,Deaths,Guinea
1051,7/12/2014,112,304.0,Deaths,Guinea
1052,7/8/2014,108,309.0,Deaths,Guinea
1053,7/6/2014,106,307.0,Deaths,Guinea
1054,7/2/2014,102,305.0,Deaths,Guinea
1055,6/30/2014,100,303.0,Deaths,Guinea
1056,6/22/2014,92,,Deaths,Guinea
1057,6/20/2014,90,270.0,Deaths,Guinea
1058,6/19/2014,89,,Deaths,Guinea
1059,6/18/2014,88,267.0,Deaths,Guinea
1060,6/17/2014,87,,Deaths,Guinea
1061,6/16/2014,86,264.0,Deaths,Guinea
1062,6/10/2014,80,226.0,Deaths,Guinea
1063,6/5/2014,75,,Deaths,Guinea
1064,6/3/2014,73,215.0,Deaths,Guinea
1065,6/1/2014,71,208.0,Deaths,Guinea
1066,5/28/2014,67,193.0,Deaths,Guinea
1067,5/27/2014,66,186.0,Deaths,Guinea
1068,5/23/2014,62,174.0,Deaths,Guinea
1069,5/12/2014,51,171.0,Deaths,Guinea
1070,5/10/2014,49,157.0,Deaths,Guinea
1071,5/7/2014,46,158.0,Deaths,Guinea
1072,5/5/2014,44,157.0,Deaths,Guinea
1073,5/3/2014,42,155.0,Deaths,Guinea
1074,5/1/2014,40,149.0,Deaths,Guinea
1075,4/26/2014,35,143.0,Deaths,Guinea
1076,4/24/2014,33,,Deaths,Guinea
1077,4/23/2014,32,141.0,Deaths,Guinea
1078,4/22/2014,31,,Deaths,Guinea
1079,4/21/2014,30,,Deaths,Guinea
1080,4/20/2014,29,136.0,Deaths,Guinea
1081,4/17/2014,26,129.0,Deaths,Guinea
1082,4/16/2014,25,122.0,Deaths,Guinea
1083,4/15/2014,24,,Deaths,Guinea
1084,4/14/2014,23,108.0,Deaths,Guinea
1085,4/11/2014,20,106.0,Deaths,Guinea
1086,4/9/2014,18,101.0,Deaths,Guinea
1087,4/7/2014,16,95.0,Deaths,Guinea
1088,4/4/2014,13,86.0,Deaths,Guinea
1089,4/1/2014,10,83.0,Deaths,Guinea
1090,3/31/2014,9,80.0,Deaths,Guinea
1091,3/29/2014,7,70.0,Deaths,Guinea
1092,3/28/2014,6,70.0,Deaths,Guinea
1093,3/27/2014,5,66.0,Deaths,Guinea
1094,3/26/2014,4,62.0,Deaths,Guinea
1095,3/25/2014,3,60.0,Deaths,Guinea
1096,3/24/2014,2,59.0,Deaths,Guinea
1097,3/22/2014,0,29.0,Deaths,Guinea
1098,1/5/2015,289,,Deaths,Liberia
1099,1/4/2015,288,,Deaths,Liberia
1100,1/3/2015,287,3496.0,Deaths,Liberia
1101,1/2/2015,286,3496.0,Deaths,Liberia
1102,12/31/2014,284,3471.0,Deaths,Liberia
1103,12/28/2014,281,3423.0,Deaths,Liberia
1104,12/27/2014,280,,Deaths,Liberia
1105,12/24/2014,277,3413.0,Deaths,Liberia
1106,12/21/2014,273,,Deaths,Liberia
1107,12/20/2014,272,3384.0,Deaths,Liberia
1108,12/18/2014,271,3376.0,Deaths,Liberia
1109,12/14/2014,267,,Deaths,Liberia
1110,12/9/2014,262,3290.0,Deaths,Liberia
1111,12/7/2014,260,,Deaths,Liberia
1112,12/3/2014,256,3177.0,Deaths,Liberia
1113,11/30/2014,253,,Deaths,Liberia
1114,11/28/2014,251,3145.0,Deaths,Liberia
1115,11/23/2014,246,,Deaths,Liberia
1116,11/22/2014,245,3016.0,Deaths,Liberia
1117,11/18/2014,241,2963.0,Deaths,Liberia
1118,11/16/2014,239,,Deaths,Liberia
1119,11/15/2014,238,2964.0,Deaths,Liberia
1120,11/11/2014,234,,Deaths,Liberia
1121,11/10/2014,233,2812.0,Deaths,Liberia
1122,11/9/2014,232,,Deaths,Liberia
1123,11/8/2014,231,2836.0,Deaths,Liberia
1124,11/4/2014,227,2766.0,Deaths,Liberia
1125,11/3/2014,226,,Deaths,Liberia
1126,11/2/2014,225,,Deaths,Liberia
1127,10/31/2014,222,2697.0,Deaths,Liberia
1128,10/29/2014,220,,Deaths,Liberia
1129,10/27/2014,218,,Deaths,Liberia
1130,10/25/2014,216,2413.0,Deaths,Liberia
1131,10/22/2014,214,,Deaths,Liberia
1132,10/21/2014,213,,Deaths,Liberia
1133,10/19/2014,211,,Deaths,Liberia
1134,10/18/2014,210,2705.0,Deaths,Liberia
1135,10/14/2014,206,,Deaths,Liberia
1136,10/13/2014,205,2484.0,Deaths,Liberia
1137,10/12/2014,204,,Deaths,Liberia
1138,10/11/2014,203,2458.0,Deaths,Liberia
1139,10/8/2014,200,,Deaths,Liberia
1140,10/7/2014,199,2316.0,Deaths,Liberia
1141,10/5/2014,197,,Deaths,Liberia
1142,10/4/2014,196,2210.0,Deaths,Liberia
1143,10/1/2014,193,2069.0,Deaths,Liberia
1144,9/28/2014,190,1998.0,Deaths,Liberia
1145,9/23/2014,185,1830.0,Deaths,Liberia
1146,9/21/2014,183,1677.0,Deaths,Liberia
1147,9/20/2014,182,,Deaths,Liberia
1148,9/19/2014,181,,Deaths,Liberia
1149,9/17/2014,179,1578.0,Deaths,Liberia
1150,9/14/2014,176,1459.0,Deaths,Liberia
1151,9/13/2014,175,1296.0,Deaths,Liberia
1152,9/10/2014,172,,Deaths,Liberia
1153,9/9/2014,171,,Deaths,Liberia
1154,9/7/2014,169,1137.0,Deaths,Liberia
1155,9/5/2014,167,1089.0,Deaths,Liberia
1156,8/31/2014,162,871.0,Deaths,Liberia
1157,8/26/2014,157,694.0,Deaths,Liberia
1158,8/20/2014,151,624.0,Deaths,Liberia
1159,8/18/2014,149,576.0,Deaths,Liberia
1160,8/16/2014,147,466.0,Deaths,Liberia
1161,8/13/2014,144,413.0,Deaths,Liberia
1162,8/11/2014,142,355.0,Deaths,Liberia
1163,8/9/2014,140,323.0,Deaths,Liberia
1164,8/6/2014,137,294.0,Deaths,Liberia
1165,8/4/2014,135,282.0,Deaths,Liberia
1166,8/1/2014,132,255.0,Deaths,Liberia
1167,7/30/2014,129,227.0,Deaths,Liberia
1168,7/27/2014,126,156.0,Deaths,Liberia
1169,7/23/2014,123,129.0,Deaths,Liberia
1170,7/20/2014,120,127.0,Deaths,Liberia
1171,7/17/2014,117,116.0,Deaths,Liberia
1172,7/14/2014,114,106.0,Deaths,Liberia
1173,7/12/2014,112,105.0,Deaths,Liberia
1174,7/8/2014,108,88.0,Deaths,Liberia
1175,7/6/2014,106,84.0,Deaths,Liberia
1176,7/2/2014,102,75.0,Deaths,Liberia
1177,6/30/2014,100,65.0,Deaths,Liberia
1178,6/22/2014,92,34.0,Deaths,Liberia
1179,6/20/2014,90,,Deaths,Liberia
1180,6/19/2014,89,25.0,Deaths,Liberia
1181,6/18/2014,88,,Deaths,Liberia
1182,6/17/2014,87,,Deaths,Liberia
1183,6/16/2014,86,24.0,Deaths,Liberia
1184,6/10/2014,80,24.0,Deaths,Liberia
1185,6/5/2014,75,,Deaths,Liberia
1186,6/3/2014,73,12.0,Deaths,Liberia
1187,6/1/2014,71,12.0,Deaths,Liberia
1188,5/28/2014,67,12.0,Deaths,Liberia
1189,5/27/2014,66,11.0,Deaths,Liberia
1190,5/23/2014,62,11.0,Deaths,Liberia
1191,5/12/2014,51,11.0,Deaths,Liberia
1192,5/10/2014,49,11.0,Deaths,Liberia
1193,5/7/2014,46,11.0,Deaths,Liberia
1194,5/5/2014,44,11.0,Deaths,Liberia
1195,5/3/2014,42,11.0,Deaths,Liberia
1196,5/1/2014,40,11.0,Deaths,Liberia
1197,4/26/2014,35,,Deaths,Liberia
1198,4/24/2014,33,,Deaths,Liberia
1199,4/23/2014,32,,Deaths,Liberia
1200,4/22/2014,31,,Deaths,Liberia
1201,4/21/2014,30,11.0,Deaths,Liberia
1202,4/20/2014,29,6.0,Deaths,Liberia
1203,4/17/2014,26,,Deaths,Liberia
1204,4/16/2014,25,13.0,Deaths,Liberia
1205,4/15/2014,24,,Deaths,Liberia
1206,4/14/2014,23,,Deaths,Liberia
1207,4/11/2014,20,13.0,Deaths,Liberia
1208,4/9/2014,18,12.0,Deaths,Liberia
1209,4/7/2014,16,10.0,Deaths,Liberia
1210,4/4/2014,13,7.0,Deaths,Liberia
1211,4/1/2014,10,5.0,Deaths,Liberia
1212,3/31/2014,9,4.0,Deaths,Liberia
1213,3/29/2014,7,2.0,Deaths,Liberia
1214,3/28/2014,6,3.0,Deaths,Liberia
1215,3/27/2014,5,6.0,Deaths,Liberia
1216,3/26/2014,4,,Deaths,Liberia
1217,3/25/2014,3,,Deaths,Liberia
1218,3/24/2014,2,,Deaths,Liberia
1219,3/22/2014,0,,Deaths,Liberia
1220,1/5/2015,289,2977.0,Deaths,SierraLeone
1221,1/4/2015,288,2943.0,Deaths,SierraLeone
1222,1/3/2015,287,2915.0,Deaths,SierraLeone
1223,1/2/2015,286,,Deaths,SierraLeone
1224,12/31/2014,284,2827.0,Deaths,SierraLeone
1225,12/28/2014,281,2758.0,Deaths,SierraLeone
1226,12/27/2014,280,2732.0,Deaths,SierraLeone
1227,12/24/2014,277,2655.0,Deaths,SierraLeone
1228,12/21/2014,273,2582.0,Deaths,SierraLeone
1229,12/20/2014,272,2556.0,Deaths,SierraLeone
1230,12/18/2014,271,,Deaths,SierraLeone
1231,12/14/2014,267,2085.0,Deaths,SierraLeone
1232,12/9/2014,262,,Deaths,SierraLeone
1233,12/7/2014,260,1768.0,Deaths,SierraLeone
1234,12/3/2014,256,,Deaths,SierraLeone
1235,11/30/2014,253,1583.0,Deaths,SierraLeone
1236,11/28/2014,251,,Deaths,SierraLeone
1237,11/23/2014,246,1398.0,Deaths,SierraLeone
1238,11/22/2014,245,,Deaths,SierraLeone
1239,11/18/2014,241,1267.0,Deaths,SierraLeone
1240,11/16/2014,239,1250.0,Deaths,SierraLeone
1241,11/15/2014,238,,Deaths,SierraLeone
1242,11/11/2014,234,1187.0,Deaths,SierraLeone
1243,11/10/2014,233,,Deaths,SierraLeone
1244,11/9/2014,232,1169.0,Deaths,SierraLeone
1245,11/8/2014,231,,Deaths,SierraLeone
1246,11/4/2014,227,1130.0,Deaths,SierraLeone
1247,11/3/2014,226,,Deaths,SierraLeone
1248,11/2/2014,225,1070.0,Deaths,SierraLeone
1249,10/31/2014,222,,Deaths,SierraLeone
1250,10/29/2014,220,1510.0,Deaths,SierraLeone
1251,10/27/2014,218,1500.0,Deaths,SierraLeone
1252,10/25/2014,216,,Deaths,SierraLeone
1253,10/22/2014,214,1281.0,Deaths,SierraLeone
1254,10/21/2014,213,,Deaths,SierraLeone
1255,10/19/2014,211,1259.0,Deaths,SierraLeone
1256,10/18/2014,210,,Deaths,SierraLeone
1257,10/14/2014,206,1200.0,Deaths,SierraLeone
1258,10/13/2014,205,,Deaths,SierraLeone
1259,10/12/2014,204,1183.0,Deaths,SierraLeone
1260,10/11/2014,203,,Deaths,SierraLeone
1261,10/8/2014,200,930.0,Deaths,SierraLeone
1262,10/7/2014,199,,Deaths,SierraLeone
1263,10/5/2014,197,879.0,Deaths,SierraLeone
1264,10/4/2014,196,,Deaths,SierraLeone
1265,10/1/2014,193,623.0,Deaths,SierraLeone
1266,9/28/2014,190,622.0,Deaths,SierraLeone
1267,9/23/2014,185,605.0,Deaths,SierraLeone
1268,9/21/2014,183,597.0,Deaths,SierraLeone
1269,9/20/2014,182,593.0,Deaths,SierraLeone
1270,9/19/2014,181,,Deaths,SierraLeone
1271,9/17/2014,179,,Deaths,SierraLeone
1272,9/14/2014,176,562.0,Deaths,SierraLeone
1273,9/13/2014,175,562.0,Deaths,SierraLeone
1274,9/10/2014,172,536.0,Deaths,SierraLeone
1275,9/9/2014,171,,Deaths,SierraLeone
1276,9/7/2014,169,524.0,Deaths,SierraLeone
1277,9/5/2014,167,491.0,Deaths,SierraLeone
1278,8/31/2014,162,476.0,Deaths,SierraLeone
1279,8/26/2014,157,422.0,Deaths,SierraLeone
1280,8/20/2014,151,392.0,Deaths,SierraLeone
1281,8/18/2014,149,374.0,Deaths,SierraLeone
1282,8/16/2014,147,365.0,Deaths,SierraLeone
1283,8/13/2014,144,348.0,Deaths,SierraLeone
1284,8/11/2014,142,334.0,Deaths,SierraLeone
1285,8/9/2014,140,315.0,Deaths,SierraLeone
1286,8/6/2014,137,298.0,Deaths,SierraLeone
1287,8/4/2014,135,286.0,Deaths,SierraLeone
1288,8/1/2014,132,273.0,Deaths,SierraLeone
1289,7/30/2014,129,252.0,Deaths,SierraLeone
1290,7/27/2014,126,233.0,Deaths,SierraLeone
1291,7/23/2014,123,224.0,Deaths,SierraLeone
1292,7/20/2014,120,219.0,Deaths,SierraLeone
1293,7/17/2014,117,206.0,Deaths,SierraLeone
1294,7/14/2014,114,197.0,Deaths,SierraLeone
1295,7/12/2014,112,194.0,Deaths,SierraLeone
1296,7/8/2014,108,142.0,Deaths,SierraLeone
1297,7/6/2014,106,127.0,Deaths,SierraLeone
1298,7/2/2014,102,101.0,Deaths,SierraLeone
1299,6/30/2014,100,99.0,Deaths,SierraLeone
1300,6/22/2014,92,,Deaths,SierraLeone
1301,6/20/2014,90,34.0,Deaths,SierraLeone
1302,6/19/2014,89,,Deaths,SierraLeone
1303,6/18/2014,88,28.0,Deaths,SierraLeone
1304,6/17/2014,87,49.0,Deaths,SierraLeone
1305,6/16/2014,86,,Deaths,SierraLeone
1306,6/10/2014,80,7.0,Deaths,SierraLeone
1307,6/5/2014,75,6.0,Deaths,SierraLeone
1308,6/3/2014,73,6.0,Deaths,SierraLeone
1309,6/1/2014,71,6.0,Deaths,SierraLeone
1310,5/28/2014,67,6.0,Deaths,SierraLeone
1311,5/27/2014,66,5.0,Deaths,SierraLeone
1312,5/23/2014,62,0.0,Deaths,SierraLeone
1313,5/12/2014,51,0.0,Deaths,SierraLeone
1314,5/10/2014,49,0.0,Deaths,SierraLeone
1315,5/7/2014,46,0.0,Deaths,SierraLeone
1316,5/5/2014,44,0.0,Deaths,SierraLeone
1317,5/3/2014,42,0.0,Deaths,SierraLeone
1318,5/1/2014,40,0.0,Deaths,SierraLeone
1319,4/26/2014,35,0.0,Deaths,SierraLeone
1320,4/24/2014,33,0.0,Deaths,SierraLeone
1321,4/23/2014,32,0.0,Deaths,SierraLeone
1322,4/22/2014,31,0.0,Deaths,SierraLeone
1323,4/21/2014,30,,Deaths,SierraLeone
1324,4/20/2014,29,,Deaths,SierraLeone
1325,4/17/2014,26,,Deaths,SierraLeone
1326,4/16/2014,25,,Deaths,SierraLeone
1327,4/15/2014,24,,Deaths,SierraLeone
1328,4/14/2014,23,,Deaths,SierraLeone
1329,4/11/2014,20,2.0,Deaths,SierraLeone
1330,4/9/2014,18,2.0,Deaths,SierraLeone
1331,4/7/2014,16,2.0,Deaths,SierraLeone
1332,4/4/2014,13,2.0,Deaths,SierraLeone
1333,4/1/2014,10,2.0,Deaths,SierraLeone
1334,3/31/2014,9,2.0,Deaths,SierraLeone
1335,3/29/2014,7,,Deaths,SierraLeone
1336,3/28/2014,6,2.0,Deaths,SierraLeone
1337,3/27/2014,5,5.0,Deaths,SierraLeone
1338,3/26/2014,4,,Deaths,SierraLeone
1339,3/25/2014,3,,Deaths,SierraLeone
1340,3/24/2014,2,,Deaths,SierraLeone
1341,3/22/2014,0,,Deaths,SierraLeone
1342,1/5/2015,289,,Deaths,Nigeria
1343,1/4/2015,288,,Deaths,Nigeria
1344,1/3/2015,287,,Deaths,Nigeria
1345,1/2/2015,286,,Deaths,Nigeria
1346,12/31/2014,284,,Deaths,Nigeria
1347,12/28/2014,281,,Deaths,Nigeria
1348,12/27/2014,280,,Deaths,Nigeria
1349,12/24/2014,277,,Deaths,Nigeria
1350,12/21/2014,273,,Deaths,Nigeria
1351,12/20/2014,272,,Deaths,Nigeria
1352,12/18/2014,271,,Deaths,Nigeria
1353,12/14/2014,267,,Deaths,Nigeria
1354,12/9/2014,262,,Deaths,Nigeria
1355,12/7/2014,260,8.0,Deaths,Nigeria
1356,12/3/2014,256,,Deaths,Nigeria
1357,11/30/2014,253,8.0,Deaths,Nigeria
1358,11/28/2014,251,,Deaths,Nigeria
1359,11/23/2014,246,8.0,Deaths,Nigeria
1360,11/22/2014,245,,Deaths,Nigeria
1361,11/18/2014,241,8.0,Deaths,Nigeria
1362,11/16/2014,239,8.0,Deaths,Nigeria
1363,11/15/2014,238,,Deaths,Nigeria
1364,11/11/2014,234,8.0,Deaths,Nigeria
1365,11/10/2014,233,,Deaths,Nigeria
1366,11/9/2014,232,8.0,Deaths,Nigeria
1367,11/8/2014,231,,Deaths,Nigeria
1368,11/4/2014,227,8.0,Deaths,Nigeria
1369,11/3/2014,226,,Deaths,Nigeria
1370,11/2/2014,225,8.0,Deaths,Nigeria
1371,10/31/2014,222,,Deaths,Nigeria
1372,10/29/2014,220,8.0,Deaths,Nigeria
1373,10/27/2014,218,8.0,Deaths,Nigeria
1374,10/25/2014,216,,Deaths,Nigeria
1375,10/22/2014,214,,Deaths,Nigeria
1376,10/21/2014,213,,Deaths,Nigeria
1377,10/19/2014,211,8.0,Deaths,Nigeria
1378,10/18/2014,210,,Deaths,Nigeria
1379,10/14/2014,206,8.0,Deaths,Nigeria
1380,10/13/2014,205,,Deaths,Nigeria
1381,10/12/2014,204,8.0,Deaths,Nigeria
1382,10/11/2014,203,,Deaths,Nigeria
1383,10/8/2014,200,8.0,Deaths,Nigeria
1384,10/7/2014,199,,Deaths,Nigeria
1385,10/5/2014,197,8.0,Deaths,Nigeria
1386,10/4/2014,196,,Deaths,Nigeria
1387,10/1/2014,193,8.0,Deaths,Nigeria
1388,9/28/2014,190,8.0,Deaths,Nigeria
1389,9/23/2014,185,8.0,Deaths,Nigeria
1390,9/21/2014,183,8.0,Deaths,Nigeria
1391,9/20/2014,182,,Deaths,Nigeria
1392,9/19/2014,181,,Deaths,Nigeria
1393,9/17/2014,179,,Deaths,Nigeria
1394,9/14/2014,176,,Deaths,Nigeria
1395,9/13/2014,175,8.0,Deaths,Nigeria
1396,9/10/2014,172,8.0,Deaths,Nigeria
1397,9/9/2014,171,,Deaths,Nigeria
1398,9/7/2014,169,8.0,Deaths,Nigeria
1399,9/5/2014,167,8.0,Deaths,Nigeria
1400,8/31/2014,162,7.0,Deaths,Nigeria
1401,8/26/2014,157,6.0,Deaths,Nigeria
1402,8/20/2014,151,5.0,Deaths,Nigeria
1403,8/18/2014,149,4.0,Deaths,Nigeria
1404,8/16/2014,147,4.0,Deaths,Nigeria
1405,8/13/2014,144,4.0,Deaths,Nigeria
1406,8/11/2014,142,3.0,Deaths,Nigeria
1407,8/9/2014,140,2.0,Deaths,Nigeria
1408,8/6/2014,137,2.0,Deaths,Nigeria
1409,8/4/2014,135,1.0,Deaths,Nigeria
1410,8/1/2014,132,1.0,Deaths,Nigeria
1411,7/30/2014,129,1.0,Deaths,Nigeria
1412,7/27/2014,126,1.0,Deaths,Nigeria
1413,7/23/2014,123,0.0,Deaths,Nigeria
1414,7/20/2014,120,,Deaths,Nigeria
1415,7/17/2014,117,,Deaths,Nigeria
1416,7/14/2014,114,,Deaths,Nigeria
1417,7/12/2014,112,,Deaths,Nigeria
1418,7/8/2014,108,,Deaths,Nigeria
1419,7/6/2014,106,,Deaths,Nigeria
1420,7/2/2014,102,,Deaths,Nigeria
1421,6/30/2014,100,,Deaths,Nigeria
1422,6/22/2014,92,,Deaths,Nigeria
1423,6/20/2014,90,,Deaths,Nigeria
1424,6/19/2014,89,,Deaths,Nigeria
1425,6/18/2014,88,,Deaths,Nigeria
1426,6/17/2014,87,,Deaths,Nigeria
1427,6/16/2014,86,,Deaths,Nigeria
1428,6/10/2014,80,,Deaths,Nigeria
1429,6/5/2014,75,,Deaths,Nigeria
1430,6/3/2014,73,,Deaths,Nigeria
1431,6/1/2014,71,,Deaths,Nigeria
1432,5/28/2014,67,,Deaths,Nigeria
1433,5/27/2014,66,,Deaths,Nigeria
1434,5/23/2014,62,,Deaths,Nigeria
1435,5/12/2014,51,,Deaths,Nigeria
1436,5/10/2014,49,,Deaths,Nigeria
1437,5/7/2014,46,,Deaths,Nigeria
1438,5/5/2014,44,,Deaths,Nigeria
1439,5/3/2014,42,,Deaths,Nigeria
1440,5/1/2014,40,,Deaths,Nigeria
1441,4/26/2014,35,,Deaths,Nigeria
1442,4/24/2014,33,,Deaths,Nigeria
1443,4/23/2014,32,,Deaths,Nigeria
1444,4/22/2014,31,,Deaths,Nigeria
1445,4/21/2014,30,,Deaths,Nigeria
1446,4/20/2014,29,,Deaths,Nigeria
1447,4/17/2014,26,,Deaths,Nigeria
1448,4/16/2014,25,,Deaths,Nigeria
1449,4/15/2014,24,,Deaths,Nigeria
1450,4/14/2014,23,,Deaths,Nigeria
1451,4/11/2014,20,,Deaths,Nigeria
1452,4/9/2014,18,,Deaths,Nigeria
1453,4/7/2014,16,,Deaths,Nigeria
1454,4/4/2014,13,,Deaths,Nigeria
1455,4/1/2014,10,,Deaths,Nigeria
1456,3/31/2014,9,,Deaths,Nigeria
1457,3/29/2014,7,,Deaths,Nigeria
1458,3/28/2014,6,,Deaths,Nigeria
1459,3/27/2014,5,,Deaths,Nigeria
1460,3/26/2014,4,,Deaths,Nigeria
1461,3/25/2014,3,,Deaths,Nigeria
1462,3/24/2014,2,,Deaths,Nigeria
1463,3/22/2014,0,,Deaths,Nigeria
1464,1/5/2015,289,,Deaths,Senegal
1465,1/4/2015,288,,Deaths,Senegal
1466,1/3/2015,287,,Deaths,Senegal
1467,1/2/2015,286,,Deaths,Senegal
1468,12/31/2014,284,,Deaths,Senegal
1469,12/28/2014,281,,Deaths,Senegal
1470,12/27/2014,280,,Deaths,Senegal
1471,12/24/2014,277,,Deaths,Senegal
1472,12/21/2014,273,,Deaths,Senegal
1473,12/20/2014,272,,Deaths,Senegal
1474,12/18/2014,271,,Deaths,Senegal
1475,12/14/2014,267,,Deaths,Senegal
1476,12/9/2014,262,,Deaths,Senegal
1477,12/7/2014,260,0.0,Deaths,Senegal
1478,12/3/2014,256,,Deaths,Senegal
1479,11/30/2014,253,0.0,Deaths,Senegal
1480,11/28/2014,251,,Deaths,Senegal
1481,11/23/2014,246,0.0,Deaths,Senegal
1482,11/22/2014,245,,Deaths,Senegal
1483,11/18/2014,241,0.0,Deaths,Senegal
1484,11/16/2014,239,0.0,Deaths,Senegal
1485,11/15/2014,238,,Deaths,Senegal
1486,11/11/2014,234,0.0,Deaths,Senegal
1487,11/10/2014,233,,Deaths,Senegal
1488,11/9/2014,232,0.0,Deaths,Senegal
1489,11/8/2014,231,,Deaths,Senegal
1490,11/4/2014,227,0.0,Deaths,Senegal
1491,11/3/2014,226,,Deaths,Senegal
1492,11/2/2014,225,0.0,Deaths,Senegal
1493,10/31/2014,222,,Deaths,Senegal
1494,10/29/2014,220,0.0,Deaths,Senegal
1495,10/27/2014,218,0.0,Deaths,Senegal
1496,10/25/2014,216,,Deaths,Senegal
1497,10/22/2014,214,,Deaths,Senegal
1498,10/21/2014,213,,Deaths,Senegal
1499,10/19/2014,211,0.0,Deaths,Senegal
1500,10/18/2014,210,,Deaths,Senegal
1501,10/14/2014,206,0.0,Deaths,Senegal
1502,10/13/2014,205,,Deaths,Senegal
1503,10/12/2014,204,0.0,Deaths,Senegal
1504,10/11/2014,203,,Deaths,Senegal
1505,10/8/2014,200,0.0,Deaths,Senegal
1506,10/7/2014,199,,Deaths,Senegal
1507,10/5/2014,197,0.0,Deaths,Senegal
1508,10/4/2014,196,,Deaths,Senegal
1509,10/1/2014,193,0.0,Deaths,Senegal
1510,9/28/2014,190,0.0,Deaths,Senegal
1511,9/23/2014,185,0.0,Deaths,Senegal
1512,9/21/2014,183,0.0,Deaths,Senegal
1513,9/20/2014,182,,Deaths,Senegal
1514,9/19/2014,181,,Deaths,Senegal
1515,9/17/2014,179,,Deaths,Senegal
1516,9/14/2014,176,,Deaths,Senegal
1517,9/13/2014,175,0.0,Deaths,Senegal
1518,9/10/2014,172,,Deaths,Senegal
1519,9/9/2014,171,,Deaths,Senegal
1520,9/7/2014,169,0.0,Deaths,Senegal
1521,9/5/2014,167,,Deaths,Senegal
1522,8/31/2014,162,,Deaths,Senegal
1523,8/26/2014,157,,Deaths,Senegal
1524,8/20/2014,151,,Deaths,Senegal
1525,8/18/2014,149,,Deaths,Senegal
1526,8/16/2014,147,,Deaths,Senegal
1527,8/13/2014,144,,Deaths,Senegal
1528,8/11/2014,142,,Deaths,Senegal
1529,8/9/2014,140,,Deaths,Senegal
1530,8/6/2014,137,,Deaths,Senegal
1531,8/4/2014,135,,Deaths,Senegal
1532,8/1/2014,132,,Deaths,Senegal
1533,7/30/2014,129,,Deaths,Senegal
1534,7/27/2014,126,,Deaths,Senegal
1535,7/23/2014,123,,Deaths,Senegal
1536,7/20/2014,120,,Deaths,Senegal
1537,7/17/2014,117,,Deaths,Senegal
1538,7/14/2014,114,,Deaths,Senegal
1539,7/12/2014,112,,Deaths,Senegal
1540,7/8/2014,108,,Deaths,Senegal
1541,7/6/2014,106,,Deaths,Senegal
1542,7/2/2014,102,,Deaths,Senegal
1543,6/30/2014,100,,Deaths,Senegal
1544,6/22/2014,92,,Deaths,Senegal
1545,6/20/2014,90,,Deaths,Senegal
1546,6/19/2014,89,,Deaths,Senegal
1547,6/18/2014,88,,Deaths,Senegal
1548,6/17/2014,87,,Deaths,Senegal
1549,6/16/2014,86,,Deaths,Senegal
1550,6/10/2014,80,,Deaths,Senegal
1551,6/5/2014,75,,Deaths,Senegal
1552,6/3/2014,73,,Deaths,Senegal
1553,6/1/2014,71,,Deaths,Senegal
1554,5/28/2014,67,,Deaths,Senegal
1555,5/27/2014,66,,Deaths,Senegal
1556,5/23/2014,62,,Deaths,Senegal
1557,5/12/2014,51,,Deaths,Senegal
1558,5/10/2014,49,,Deaths,Senegal
1559,5/7/2014,46,,Deaths,Senegal
1560,5/5/2014,44,,Deaths,Senegal
1561,5/3/2014,42,,Deaths,Senegal
1562,5/1/2014,40,,Deaths,Senegal
1563,4/26/2014,35,,Deaths,Senegal
1564,4/24/2014,33,,Deaths,Senegal
1565,4/23/2014,32,,Deaths,Senegal
1566,4/22/2014,31,,Deaths,Senegal
1567,4/21/2014,30,,Deaths,Senegal
1568,4/20/2014,29,,Deaths,Senegal
1569,4/17/2014,26,,Deaths,Senegal
1570,4/16/2014,25,,Deaths,Senegal
1571,4/15/2014,24,,Deaths,Senegal
1572,4/14/2014,23,,Deaths,Senegal
1573,4/11/2014,20,,Deaths,Senegal
1574,4/9/2014,18,,Deaths,Senegal
1575,4/7/2014,16,,Deaths,Senegal
1576,4/4/2014,13,,Deaths,Senegal
1577,4/1/2014,10,,Deaths,Senegal
1578,3/31/2014,9,,Deaths,Senegal
1579,3/29/2014,7,,Deaths,Senegal
1580,3/28/2014,6,,Deaths,Senegal
1581,3/27/2014,5,,Deaths,Senegal
1582,3/26/2014,4,,Deaths,Senegal
1583,3/25/2014,3,,Deaths,Senegal
1584,3/24/2014,2,,Deaths,Senegal
1585,3/22/2014,0,,Deaths,Senegal
1586,1/5/2015,289,,Deaths,UnitedStates
1587,1/4/2015,288,,Deaths,UnitedStates
1588,1/3/2015,287,,Deaths,UnitedStates
1589,1/2/2015,286,,Deaths,UnitedStates
1590,12/31/2014,284,,Deaths,UnitedStates
1591,12/28/2014,281,,Deaths,UnitedStates
1592,12/27/2014,280,,Deaths,UnitedStates
1593,12/24/2014,277,,Deaths,UnitedStates
1594,12/21/2014,273,,Deaths,UnitedStates
1595,12/20/2014,272,,Deaths,UnitedStates
1596,12/18/2014,271,,Deaths,UnitedStates
1597,12/14/2014,267,,Deaths,UnitedStates
1598,12/9/2014,262,,Deaths,UnitedStates
1599,12/7/2014,260,1.0,Deaths,UnitedStates
1600,12/3/2014,256,,Deaths,UnitedStates
1601,11/30/2014,253,1.0,Deaths,UnitedStates
1602,11/28/2014,251,,Deaths,UnitedStates
1603,11/23/2014,246,1.0,Deaths,UnitedStates
1604,11/22/2014,245,,Deaths,UnitedStates
1605,11/18/2014,241,1.0,Deaths,UnitedStates
1606,11/16/2014,239,1.0,Deaths,UnitedStates
1607,11/15/2014,238,,Deaths,UnitedStates
1608,11/11/2014,234,1.0,Deaths,UnitedStates
1609,11/10/2014,233,,Deaths,UnitedStates
1610,11/9/2014,232,1.0,Deaths,UnitedStates
1611,11/8/2014,231,,Deaths,UnitedStates
1612,11/4/2014,227,1.0,Deaths,UnitedStates
1613,11/3/2014,226,,Deaths,UnitedStates
1614,11/2/2014,225,1.0,Deaths,UnitedStates
1615,10/31/2014,222,,Deaths,UnitedStates
1616,10/29/2014,220,1.0,Deaths,UnitedStates
1617,10/27/2014,218,1.0,Deaths,UnitedStates
1618,10/25/2014,216,,Deaths,UnitedStates
1619,10/22/2014,214,1.0,Deaths,UnitedStates
1620,10/21/2014,213,,Deaths,UnitedStates
1621,10/19/2014,211,1.0,Deaths,UnitedStates
1622,10/18/2014,210,,Deaths,UnitedStates
1623,10/14/2014,206,0.0,Deaths,UnitedStates
1624,10/13/2014,205,,Deaths,UnitedStates
1625,10/12/2014,204,1.0,Deaths,UnitedStates
1626,10/11/2014,203,,Deaths,UnitedStates
1627,10/8/2014,200,1.0,Deaths,UnitedStates
1628,10/7/2014,199,,Deaths,UnitedStates
1629,10/5/2014,197,0.0,Deaths,UnitedStates
1630,10/4/2014,196,,Deaths,UnitedStates
1631,10/1/2014,193,0.0,Deaths,UnitedStates
1632,9/28/2014,190,,Deaths,UnitedStates
1633,9/23/2014,185,,Deaths,UnitedStates
1634,9/21/2014,183,,Deaths,UnitedStates
1635,9/20/2014,182,,Deaths,UnitedStates
1636,9/19/2014,181,,Deaths,UnitedStates
1637,9/17/2014,179,,Deaths,UnitedStates
1638,9/14/2014,176,,Deaths,UnitedStates
1639,9/13/2014,175,,Deaths,UnitedStates
1640,9/10/2014,172,,Deaths,UnitedStates
1641,9/9/2014,171,,Deaths,UnitedStates
1642,9/7/2014,169,,Deaths,UnitedStates
1643,9/5/2014,167,,Deaths,UnitedStates
1644,8/31/2014,162,,Deaths,UnitedStates
1645,8/26/2014,157,,Deaths,UnitedStates
1646,8/20/2014,151,,Deaths,UnitedStates
1647,8/18/2014,149,,Deaths,UnitedStates
1648,8/16/2014,147,,Deaths,UnitedStates
1649,8/13/2014,144,,Deaths,UnitedStates
1650,8/11/2014,142,,Deaths,UnitedStates
1651,8/9/2014,140,,Deaths,UnitedStates
1652,8/6/2014,137,,Deaths,UnitedStates
1653,8/4/2014,135,,Deaths,UnitedStates
1654,8/1/2014,132,,Deaths,UnitedStates
1655,7/30/2014,129,,Deaths,UnitedStates
1656,7/27/2014,126,,Deaths,UnitedStates
1657,7/23/2014,123,,Deaths,UnitedStates
1658,7/20/2014,120,,Deaths,UnitedStates
1659,7/17/2014,117,,Deaths,UnitedStates
1660,7/14/2014,114,,Deaths,UnitedStates
1661,7/12/2014,112,,Deaths,UnitedStates
1662,7/8/2014,108,,Deaths,UnitedStates
1663,7/6/2014,106,,Deaths,UnitedStates
1664,7/2/2014,102,,Deaths,UnitedStates
1665,6/30/2014,100,,Deaths,UnitedStates
1666,6/22/2014,92,,Deaths,UnitedStates
1667,6/20/2014,90,,Deaths,UnitedStates
1668,6/19/2014,89,,Deaths,UnitedStates
1669,6/18/2014,88,,Deaths,UnitedStates
1670,6/17/2014,87,,Deaths,UnitedStates
1671,6/16/2014,86,,Deaths,UnitedStates
1672,6/10/2014,80,,Deaths,UnitedStates
1673,6/5/2014,75,,Deaths,UnitedStates
1674,6/3/2014,73,,Deaths,UnitedStates
1675,6/1/2014,71,,Deaths,UnitedStates
1676,5/28/2014,67,,Deaths,UnitedStates
1677,5/27/2014,66,,Deaths,UnitedStates
1678,5/23/2014,62,,Deaths,UnitedStates
1679,5/12/2014,51,,Deaths,UnitedStates
1680,5/10/2014,49,,Deaths,UnitedStates
1681,5/7/2014,46,,Deaths,UnitedStates
1682,5/5/2014,44,,Deaths,UnitedStates
1683,5/3/2014,42,,Deaths,UnitedStates
1684,5/1/2014,40,,Deaths,UnitedStates
1685,4/26/2014,35,,Deaths,UnitedStates
1686,4/24/2014,33,,Deaths,UnitedStates
1687,4/23/2014,32,,Deaths,UnitedStates
1688,4/22/2014,31,,Deaths,UnitedStates
1689,4/21/2014,30,,Deaths,UnitedStates
1690,4/20/2014,29,,Deaths,UnitedStates
1691,4/17/2014,26,,Deaths,UnitedStates
1692,4/16/2014,25,,Deaths,UnitedStates
1693,4/15/2014,24,,Deaths,UnitedStates
1694,4/14/2014,23,,Deaths,UnitedStates
1695,4/11/2014,20,,Deaths,UnitedStates
1696,4/9/2014,18,,Deaths,UnitedStates
1697,4/7/2014,16,,Deaths,UnitedStates
1698,4/4/2014,13,,Deaths,UnitedStates
1699,4/1/2014,10,,Deaths,UnitedStates
1700,3/31/2014,9,,Deaths,UnitedStates
1701,3/29/2014,7,,Deaths,UnitedStates
1702,3/28/2014,6,,Deaths,UnitedStates
1703,3/27/2014,5,,Deaths,UnitedStates
1704,3/26/2014,4,,Deaths,UnitedStates
1705,3/25/2014,3,,Deaths,UnitedStates
1706,3/24/2014,2,,Deaths,UnitedStates
1707,3/22/2014,0,,Deaths,UnitedStates
1708,1/5/2015,289,,Deaths,Spain
1709,1/4/2015,288,,Deaths,Spain
1710,1/3/2015,287,,Deaths,Spain
1711,1/2/2015,286,,Deaths,Spain
1712,12/31/2014,284,,Deaths,Spain
1713,12/28/2014,281,,Deaths,Spain
1714,12/27/2014,280,,Deaths,Spain
1715,12/24/2014,277,,Deaths,Spain
1716,12/21/2014,273,,Deaths,Spain
1717,12/20/2014,272,,Deaths,Spain
1718,12/18/2014,271,,Deaths,Spain
1719,12/14/2014,267,,Deaths,Spain
1720,12/9/2014,262,,Deaths,Spain
1721,12/7/2014,260,0.0,Deaths,Spain
1722,12/3/2014,256,,Deaths,Spain
1723,11/30/2014,253,0.0,Deaths,Spain
1724,11/28/2014,251,,Deaths,Spain
1725,11/23/2014,246,0.0,Deaths,Spain
1726,11/22/2014,245,,Deaths,Spain
1727,11/18/2014,241,0.0,Deaths,Spain
1728,11/16/2014,239,0.0,Deaths,Spain
1729,11/15/2014,238,,Deaths,Spain
1730,11/11/2014,234,0.0,Deaths,Spain
1731,11/10/2014,233,,Deaths,Spain
1732,11/9/2014,232,0.0,Deaths,Spain
1733,11/8/2014,231,,Deaths,Spain
1734,11/4/2014,227,0.0,Deaths,Spain
1735,11/3/2014,226,,Deaths,Spain
1736,11/2/2014,225,0.0,Deaths,Spain
1737,10/31/2014,222,,Deaths,Spain
1738,10/29/2014,220,0.0,Deaths,Spain
1739,10/27/2014,218,0.0,Deaths,Spain
1740,10/25/2014,216,,Deaths,Spain
1741,10/22/2014,214,0.0,Deaths,Spain
1742,10/21/2014,213,,Deaths,Spain
1743,10/19/2014,211,0.0,Deaths,Spain
1744,10/18/2014,210,,Deaths,Spain
1745,10/14/2014,206,1.0,Deaths,Spain
1746,10/13/2014,205,,Deaths,Spain
1747,10/12/2014,204,1.0,Deaths,Spain
1748,10/11/2014,203,,Deaths,Spain
1749,10/8/2014,200,1.0,Deaths,Spain
1750,10/7/2014,199,,Deaths,Spain
1751,10/5/2014,197,,Deaths,Spain
1752,10/4/2014,196,,Deaths,Spain
1753,10/1/2014,193,,Deaths,Spain
1754,9/28/2014,190,,Deaths,Spain
1755,9/23/2014,185,,Deaths,Spain
1756,9/21/2014,183,,Deaths,Spain
1757,9/20/2014,182,,Deaths,Spain
1758,9/19/2014,181,,Deaths,Spain
1759,9/17/2014,179,,Deaths,Spain
1760,9/14/2014,176,,Deaths,Spain
1761,9/13/2014,175,,Deaths,Spain
1762,9/10/2014,172,,Deaths,Spain
1763,9/9/2014,171,,Deaths,Spain
1764,9/7/2014,169,,Deaths,Spain
1765,9/5/2014,167,,Deaths,Spain
1766,8/31/2014,162,,Deaths,Spain
1767,8/26/2014,157,,Deaths,Spain
1768,8/20/2014,151,,Deaths,Spain
1769,8/18/2014,149,,Deaths,Spain
1770,8/16/2014,147,,Deaths,Spain
1771,8/13/2014,144,,Deaths,Spain
1772,8/11/2014,142,,Deaths,Spain
1773,8/9/2014,140,,Deaths,Spain
1774,8/6/2014,137,,Deaths,Spain
1775,8/4/2014,135,,Deaths,Spain
1776,8/1/2014,132,,Deaths,Spain
1777,7/30/2014,129,,Deaths,Spain
1778,7/27/2014,126,,Deaths,Spain
1779,7/23/2014,123,,Deaths,Spain
1780,7/20/2014,120,,Deaths,Spain
1781,7/17/2014,117,,Deaths,Spain
1782,7/14/2014,114,,Deaths,Spain
1783,7/12/2014,112,,Deaths,Spain
1784,7/8/2014,108,,Deaths,Spain
1785,7/6/2014,106,,Deaths,Spain
1786,7/2/2014,102,,Deaths,Spain
1787,6/30/2014,100,,Deaths,Spain
1788,6/22/2014,92,,Deaths,Spain
1789,6/20/2014,90,,Deaths,Spain
1790,6/19/2014,89,,Deaths,Spain
1791,6/18/2014,88,,Deaths,Spain
1792,6/17/2014,87,,Deaths,Spain
1793,6/16/2014,86,,Deaths,Spain
1794,6/10/2014,80,,Deaths,Spain
1795,6/5/2014,75,,Deaths,Spain
1796,6/3/2014,73,,Deaths,Spain
1797,6/1/2014,71,,Deaths,Spain
1798,5/28/2014,67,,Deaths,Spain
1799,5/27/2014,66,,Deaths,Spain
1800,5/23/2014,62,,Deaths,Spain
1801,5/12/2014,51,,Deaths,Spain
1802,5/10/2014,49,,Deaths,Spain
1803,5/7/2014,46,,Deaths,Spain
1804,5/5/2014,44,,Deaths,Spain
1805,5/3/2014,42,,Deaths,Spain
1806,5/1/2014,40,,Deaths,Spain
1807,4/26/2014,35,,Deaths,Spain
1808,4/24/2014,33,,Deaths,Spain
1809,4/23/2014,32,,Deaths,Spain
1810,4/22/2014,31,,Deaths,Spain
1811,4/21/2014,30,,Deaths,Spain
1812,4/20/2014,29,,Deaths,Spain
1813,4/17/2014,26,,Deaths,Spain
1814,4/16/2014,25,,Deaths,Spain
1815,4/15/2014,24,,Deaths,Spain
1816,4/14/2014,23,,Deaths,Spain
1817,4/11/2014,20,,Deaths,Spain
1818,4/9/2014,18,,Deaths,Spain
1819,4/7/2014,16,,Deaths,Spain
1820,4/4/2014,13,,Deaths,Spain
1821,4/1/2014,10,,Deaths,Spain
1822,3/31/2014,9,,Deaths,Spain
1823,3/29/2014,7,,Deaths,Spain
1824,3/28/2014,6,,Deaths,Spain
1825,3/27/2014,5,,Deaths,Spain
1826,3/26/2014,4,,Deaths,Spain
1827,3/25/2014,3,,Deaths,Spain
1828,3/24/2014,2,,Deaths,Spain
1829,3/22/2014,0,,Deaths,Spain
1830,1/5/2015,289,,Deaths,Mali
1831,1/4/2015,288,,Deaths,Mali
1832,1/3/2015,287,,Deaths,Mali
1833,1/2/2015,286,,Deaths,Mali
1834,12/31/2014,284,,Deaths,Mali
1835,12/28/2014,281,,Deaths,Mali
1836,12/27/2014,280,,Deaths,Mali
1837,12/24/2014,277,,Deaths,Mali
1838,12/21/2014,273,,Deaths,Mali
1839,12/20/2014,272,,Deaths,Mali
1840,12/18/2014,271,,Deaths,Mali
1841,12/14/2014,267,,Deaths,Mali
1842,12/9/2014,262,,Deaths,Mali
1843,12/7/2014,260,6.0,Deaths,Mali
1844,12/3/2014,256,,Deaths,Mali
1845,11/30/2014,253,6.0,Deaths,Mali
1846,11/28/2014,251,,Deaths,Mali
1847,11/23/2014,246,6.0,Deaths,Mali
1848,11/22/2014,245,,Deaths,Mali
1849,11/18/2014,241,6.0,Deaths,Mali
1850,11/16/2014,239,5.0,Deaths,Mali
1851,11/15/2014,238,,Deaths,Mali
1852,11/11/2014,234,3.0,Deaths,Mali
1853,11/10/2014,233,,Deaths,Mali
1854,11/9/2014,232,1.0,Deaths,Mali
1855,11/8/2014,231,,Deaths,Mali
1856,11/4/2014,227,1.0,Deaths,Mali
1857,11/3/2014,226,,Deaths,Mali
1858,11/2/2014,225,1.0,Deaths,Mali
1859,10/31/2014,222,,Deaths,Mali
1860,10/29/2014,220,1.0,Deaths,Mali
1861,10/27/2014,218,1.0,Deaths,Mali
1862,10/25/2014,216,,Deaths,Mali
1863,10/22/2014,214,1.0,Deaths,Mali
1864,10/21/2014,213,,Deaths,Mali
1865,10/19/2014,211,,Deaths,Mali
1866,10/18/2014,210,,Deaths,Mali
1867,10/14/2014,206,,Deaths,Mali
1868,10/13/2014,205,,Deaths,Mali
1869,10/12/2014,204,,Deaths,Mali
1870,10/11/2014,203,,Deaths,Mali
1871,10/8/2014,200,,Deaths,Mali
1872,10/7/2014,199,,Deaths,Mali
1873,10/5/2014,197,,Deaths,Mali
1874,10/4/2014,196,,Deaths,Mali
1875,10/1/2014,193,,Deaths,Mali
1876,9/28/2014,190,,Deaths,Mali
1877,9/23/2014,185,,Deaths,Mali
1878,9/21/2014,183,,Deaths,Mali
1879,9/20/2014,182,,Deaths,Mali
1880,9/19/2014,181,,Deaths,Mali
1881,9/17/2014,179,,Deaths,Mali
1882,9/14/2014,176,,Deaths,Mali
1883,9/13/2014,175,,Deaths,Mali
1884,9/10/2014,172,,Deaths,Mali
1885,9/9/2014,171,,Deaths,Mali
1886,9/7/2014,169,,Deaths,Mali
1887,9/5/2014,167,,Deaths,Mali
1888,8/31/2014,162,,Deaths,Mali
1889,8/26/2014,157,,Deaths,Mali
1890,8/20/2014,151,,Deaths,Mali
1891,8/18/2014,149,,Deaths,Mali
1892,8/16/2014,147,,Deaths,Mali
1893,8/13/2014,144,,Deaths,Mali
1894,8/11/2014,142,,Deaths,Mali
1895,8/9/2014,140,,Deaths,Mali
1896,8/6/2014,137,,Deaths,Mali
1897,8/4/2014,135,,Deaths,Mali
1898,8/1/2014,132,,Deaths,Mali
1899,7/30/2014,129,,Deaths,Mali
1900,7/27/2014,126,,Deaths,Mali
1901,7/23/2014,123,,Deaths,Mali
1902,7/20/2014,120,,Deaths,Mali
1903,7/17/2014,117,,Deaths,Mali
1904,7/14/2014,114,,Deaths,Mali
1905,7/12/2014,112,,Deaths,Mali
1906,7/8/2014,108,,Deaths,Mali
1907,7/6/2014,106,,Deaths,Mali
1908,7/2/2014,102,,Deaths,Mali
1909,6/30/2014,100,,Deaths,Mali
1910,6/22/2014,92,,Deaths,Mali
1911,6/20/2014,90,,Deaths,Mali
1912,6/19/2014,89,,Deaths,Mali
1913,6/18/2014,88,,Deaths,Mali
1914,6/17/2014,87,,Deaths,Mali
1915,6/16/2014,86,,Deaths,Mali
1916,6/10/2014,80,,Deaths,Mali
1917,6/5/2014,75,,Deaths,Mali
1918,6/3/2014,73,,Deaths,Mali
1919,6/1/2014,71,,Deaths,Mali
1920,5/28/2014,67,,Deaths,Mali
1921,5/27/2014,66,,Deaths,Mali
1922,5/23/2014,62,,Deaths,Mali
1923,5/12/2014,51,,Deaths,Mali
1924,5/10/2014,49,,Deaths,Mali
1925,5/7/2014,46,,Deaths,Mali
1926,5/5/2014,44,,Deaths,Mali
1927,5/3/2014,42,,Deaths,Mali
1928,5/1/2014,40,,Deaths,Mali
1929,4/26/2014,35,,Deaths,Mali
1930,4/24/2014,33,,Deaths,Mali
1931,4/23/2014,32,,Deaths,Mali
1932,4/22/2014,31,,Deaths,Mali
1933,4/21/2014,30,,Deaths,Mali
1934,4/20/2014,29,,Deaths,Mali
1935,4/17/2014,26,,Deaths,Mali
1936,4/16/2014,25,,Deaths,Mali
1937,4/15/2014,24,,Deaths,Mali
1938,4/14/2014,23,,Deaths,Mali
1939,4/11/2014,20,,Deaths,Mali
1940,4/9/2014,18,,Deaths,Mali
1941,4/7/2014,16,,Deaths,Mali
1942,4/4/2014,13,,Deaths,Mali
1943,4/1/2014,10,,Deaths,Mali
1944,3/31/2014,9,,Deaths,Mali
1945,3/29/2014,7,,Deaths,Mali
1946,3/28/2014,6,,Deaths,Mali
1947,3/27/2014,5,,Deaths,Mali
1948,3/26/2014,4,,Deaths,Mali
1949,3/25/2014,3,,Deaths,Mali
1950,3/24/2014,2,,Deaths,Mali
1951,3/22/2014,0,,Deaths,Mali
